TRIB1	C8FW|GIG-2|GIG2|SKIP1|TRB-1|TRB1
TXN	TRDX|TRX|TRX1
CBL	C-CBL|CBL2|FRA11B|NSLL|RNF55
BRAF	B-RAF1|BRAF1|NS7|RAFB1
RET	CDHF12|CDHR16|HSCR1|MEN2A|MEN2B|MTC1|PTC|RET-ELE1|RET51
BCL2	Bcl-2|PPP1R50
PIK3CA	CLOVE|CWS5|MCAP|MCM|MCMTC|PI3K|p110-alpha
PDGFRA	CD140A|GAS9|PDGFR-2|PDGFR2|RHEPDGFRA
NRAS	ALPS4|CMNS|N-ras|NCMS|NRAS1|NS6
MET	AUTS9|DFNB97|HGFR|RCCP2|c-Met
KRAS	C-K-RAS|CFC2|K-RAS2A|K-RAS2B|K-RAS4A|K-RAS4B|KI-RAS|KRAS1|KRAS2|NS|NS3|RALD|RASK2
KIT	C-Kit|CD117|PBT|SCFR
JAK2	JTK10|THCYT3
HRAS	C-BAS/HAS|C-H-RAS|C-HA-RAS1|CTLO|H-RASIDX|HAMSV|HRAS1|RASH1|p21ras
ABL1	ABL|JTK7|bcr/abl|c-ABL|c-ABL1|p150|v-abl
ALK	CD246|NBLST3
FGFR2	BBDS|BEK|BFR-1|CD332|CEK3|CFD1|ECT1|JWS|K-SAM|KGFR|TK14|TK25
AKT1	AKT|CWS6|PKB|PKB-ALPHA|PRKBA|RAC|RAC-ALPHA
CSF1R	C-FMS|CD115|CSF-1R|CSFR|FIM2|FMS|HDLS|M-CSF-R
KLF4	EZF|GKLF
PTTG1	EAP1|HPTTG|PTTG|TUTR1
USP6	HRP1|TRE17|TRE2|TRESMCR|Tre-2|USP6-short
URI1	C19orf2|NNX3|PPP1R19|RMP|URI
CBFB	PEBP2B
RUNX1T1	AML1-MTG8|AML1T1|CBFA2T1|CDR|ETO|MTG8|ZMYND2
RUNX1	AML1|AML1-EVI-1|AMLCR1|CBF2alpha|CBFA2|EVI-1|PEBP2aB|PEBP2alpha
CARD11	BENTA|BIMP3|CARMA1|IMD11|PPBL
GFI1B	BDPLT17|ZNF163B
TCL1A	TCL1
HMGA2	BABL|HMGI-C|HMGIC|LIPO|STQTL9
NCOA4	ARA70|ELE1|PTC3|RFG
KAT6A	MOZ|MRD32|MYST-3|MYST3|RUNXBP2|ZC2HC6A|ZNF220
DEK	D6S231E
YES1	HsT441|P61-YES|Yes|c-yes
TAL1	SCL|TCL5|bHLHa17|tal-1
AURKA	AIK|ARK1|AURA|AURORA2|BTAK|PPP1R47|STK15|STK6|STK7
SS18	SSXT|SYT
SRC	ASV|SRC1|c-SRC|p60-Src
SMO	FZD11|Gx|SMOH
SKI	SGS|SKV
BMI1	FLVI2/BMI1|PCGF4|RNF51|flvi-2/bmi-1
NSD1	ARA267|KMT3B|SOTOS|SOTOS1|STO
SRSF2	PR264|SC-35|SC35|SFRS2|SFRS2A|SRp30b
BCR	ALL|BCR1|CML|D22S11|D22S662|PHL
ROS1	MCF3|ROS|c-ros-1
BCL6	BCL5|BCL6A|LAZ3|ZBTB27|ZNF51
BCL3	BCL4|D19S37
CCND1	BCL1|D11S287E|PRAD1|U21B31
RAF1	CMD1NN|CRAF|NS5|Raf-1|c-Raf
PTPN11	BPTP3|CFC|JMML|METCDS|NS1|PTP-1D|PTP2C|SH-PTP2|SH-PTP3|SHP2
PRKCI	DXS1179E|PKCI|nPKC-iota
PPP2R1A	MRD36|PP2A-Aalpha|PP2AAALPHA|PR65A
PML	MYL|PP8675|RNF71|TRIM19
PLAG1	PSA|SGPA|ZNF912
PIM1	PIM
NTRK1	MTC|TRK|TRK1|TRKA|Trk-A|p140-TrkA
MYCN	MODED|N-myc|NMYC|ODED|bHLHe37
MYC	MRTL|MYCC|bHLHe39|c-Myc
MYB	Cmyb|c-myb|c-myb_CDS|efg
MPL	C-MPL|CD110|MPLV|THCYT2|TPOR
MOS	MSV
MLLT3	AF9|YEATS3
AFF1	AF4|MLLT2|PBM1
KMT2A	ALL-1|CXXC7|HRX|HTRX1|MLL|MLL-AF9|MLL/GAS7|MLL1|MLL1A|TET1-MLL|TRX1|WDSTS
MDM2	ACTFS|HDMX|hdm2
MCF2	ARHGEF21|DBL
MAS1	MAS|MGRA
TBC1D3C	TBC1D3D
MAF	AYGRP|CCA4|CTRCT21|c-MAF
LMO2	RBTN2|RBTNL1|RHOM2|TTG2
JUN	AP-1|AP1|c-Jun
HOXA9	ABD-B|HOX1|HOX1.7|HOX1G
GNAS	AHO|C20orf45|GNAS1|GPSA|GSA|GSP|NESP|POH|SCG6|SgVI
GLI1	GLI
SETBP1	MRD29|SEB
WWTR1	TAZ
LETMD1	1110019O13Rik|HCCR-1|HCCR-2|HCCR1|HCRR-2
FUS	ALS6|ETM4|FUS1|HNRNPP2|POMP75|TLS
PATZ1	MAZR|PATZ|RIAZ|ZBTB19|ZNF278|ZSG|dJ400N23
FOS	AP-1|C-FOS|p55
SUZ12	CHET9|JJAZ1
FLT3	CD135|FLK-2|FLK2|STK1
FLI1	EWSR2|SIC-1
FES	FPS
EZH2	ENX-1|ENX1|EZH1|EZH2b|KMT6|KMT6A|WVS|WVS2
EWSR1	EWS|EWS-FLI1|bK984G1.4
ETV6	TEL|TEL/ABL|THC5
ETS2	ETS2IT1
ETS1	ETS-1|EWSR2|c-ets-1|p54
ERBB2	CD340|HER-2|HER-2/neu|HER2|MLN 19|NEU|NGL|TKR1
EGFR	ERBB|ERBB1|HER1|NISBD2|PIG61|mENA
DDIT3	CEBPZ|CHOP|CHOP-10|CHOP10|GADD153
CTNNB1	CTNNB|MRD19|armadillo
CRK	CRKII|p38
AKAP13	AKAP-13|AKAP-Lbc|ARHGEF13|BRX|HA-3|Ht31|LBC|PRKA13|PROTO-LB|PROTO-LBC|c-lbc|p47
PIM2	-
YAP1	COB1|YAP|YAP2|YAP65|YKI
CDKN1B	CDKN4|KIP1|MEN1B|MEN4|P27KIP1
CDH1	Arc-1|CD324|CDHE|ECAD|LCAM|UVO
MAFB	KRML|MCTO
CDC6	CDC18L|HsCDC18|HsCDC6
CDC5L	CDC5|CDC5-LIKE|CEF1|PCDC5RP|dJ319D22.1
SETDB1	ESET|H3-K9-HMTase4|KG1T|KMT1E|TDRD21
CUL7	3M1|KIAA0076|dJ20C7.5
IST1	OLC1
UBE3C	HECTH2
IKBKE	IKK-E|IKK-i|IKKE|IKKI
TCL1B	SYN-1|TML1
ENTPD5	CD39L4|NTPDase-5|PCPH
CHD1L	ALC1|CHDL
RPL23	L23|rpL17
PIWIL1	CT80.1|HIWI|MIWI|PIWI
MFHAS1	LRRC65|MASL1
MTDH	3D3|AEG-1|AEG1|LYRIC|LYRIC/3D3
BOC	CDON2
CCNB2	HsT17299
CCNE1	CCNE|pCCNE1
WISP1	CCN4|WISP1c|WISP1i|WISP1tc
RAB11A	YL8
EIF3I	EIF3S2|PRO2242|TRIP-1|TRIP1|eIF3-beta|eIF3-p36
IRS2	IRS-2
TP63	AIS|B(p51A)|B(p51B)|EEC3|KET|LMS|NBP|OFC8|RHS|SHFM4|TP53CP|TP53L|TP73L|p40|p51|p53CP|p63|p73H|p73L
CAV1	BSCL3|CGL3|LCCNS|MSTP085|PPH3|VIP21
COPS3	CSN3|SGN3
TNS4	CTEN|PP14434
TKTL1	TKR|TKT2
ELL	C19orf17|ELL1|MEN|PPP1R68
FAM83D	C20orf129|CHICA|dJ616B8.3
TAF15	Npl3|RBP56|TAF2N|TAFII68
ACTN4	ACTININ-4|FSGS|FSGS1
YEATS4	4930573H17Rik|B230215M10Rik|GAS41|NUBI-1|YAF9
PTP4A2	HH13|HH7-2|HU-PP-1|OV-1|PRL-2|PRL2|PTP4A|PTPCAAX2|ptp-IV1a|ptp-IV1b
FOSL1	FRA|FRA1|fra-1
WNT10A	OODD|SSPS|STHAG4
CCDC6	D10S170|H4|PTC|TPC|TST1
NUP214	CAIN|CAN
ZNF703	NLZ1|ZEPPO1|ZNF503L|ZPO1
NANOG	-
BAALC	-
ARHGEF5	GEF5|P60|TIM|TIM1
ASPSCR1	ASPCR1|ASPL|ASPS|RCC17|TUG|UBXD9|UBXN9
PAX8	-
PTP4A1	HH72|PRL-1|PRL1|PTP(CAAX1)|PTPCAAX1
ZNF217	ZABC1
ZBTB16	PLZF|ZNF145
PTTG1IP	C21orf1|C21orf3|PBF
WT1	AWT1|EWS-WT1|GUD|NPHS4|WAGR|WIT-2|WT33
WNT3	INT4|TETAMS
WNT1	BMND16|INT1|OI15
WHSC1	MMSET|NSD2|REIIBP|TRX5|WHS
VIM	CTRCT30|HEL113
VAV1	VAV
USP4	UNP|Unph
TBC1D3	PRC17|TBC1D3A|TBC1D3F
TYMS	HST422|TMS|TS
TWIST1	ACS3|BPES2|BPES3|CRS|CRS1|CSO|SCS|TWIST|bHLHa38
SSX2B	CT5.2|CT5.2b|HOM-MEL-40|SSX
TRIP6	OIP-1|OIP1|TRIP-6|TRIP6i2|ZRP-1
TPR	-
TP73	P73
SEC62	Dtrp1|HTP1|TLOC1|TP-1
TFE3	RCCP2|RCCX1|TFEA|bHLHe33
TCP1	CCT-alpha|CCT1|CCTa|D6S230E|TCP-1-alpha
TCF3	E2A|E47|ITF1|TCF-3|VDIR|bHLHb21
TBX2	-
TAZ	BTHS|CMD3A|EFE|EFE2|G4.5|LVNCX|Taz1
TAL2	-
MAP3K7	MEKK7|TAK1|TGF1a
SYK	p72-Syk
STAT3	ADMIO|APRF|HIES
SSX2	CT5.2|CT5.2A|HD21|HOM-MEL-40|SSX
SSX1	CT5.1|SSRC
SREBF1	SREBP-1c|SREBP1|SREBP1a|bHLHd1
SPI1	OF|PU.1|SFPI1|SPI-1|SPI-A
SPARC	BM-40|OI17|ON
SOX2	ANOP3|MCOPS3
SNAI1	SLUGH2|SNA|SNAH|SNAIL|SNAIL1|dJ710H13.1
SKP2	FBL1|FBXL1|FLB1|p45
SKIL	SNO|SnoA|SnoI|SnoN
BCL11B	ATL1|ATL1-alpha|ATL1-beta|ATL1-delta|ATL1-gamma|CTIP-2|CTIP2|RIT1|ZNF856B|hRIT1-alpha
STIL	MCPH7|SIL
RBM15	OTT|OTT1|SPEN
SGK1	SGK
STRA6	MCOPCB8|MCOPS9|PP14296
SET	2PP2A|I2PP2A|IGAAD|IPP2A2|PHAPII|TAF-I|TAF-IBETA
CRLF2	CRL2|CRLF2Y|TSLPR
BLK	MODY11
XCL1	ATAC|LPTN|LTN|SCM-1|SCM-1a|SCM1|SCM1A|SCYC1
SATB1	-
SAG	RP47|S-AG
S100A7	PSOR1|S100A7c
RRAS	-
BCL9	LGS
RIT1	NS8|RIBB|RIT|ROC1
RFC3	RFC38
BCL2A1	ACC-1|ACC-2|ACC1|ACC2|BCL2L5|BFL1|GRS|HBPA1
REL	C-Rel
RBMY1A1	RBM|RBM1|RBM2|RBMY|RBMY1C|YRRM1|YRRM2
RBM3	IS1-RNPL|RNPL
RARA	NR1B1|RAR
BAX	BCL2L4
KIAA1524	CIP2A|p90
MKL2	MRTF-B|MRTFB|NPD001
RAB22A	-
CBX8	PC3|RC1
ERGIC1	ERGIC-32|ERGIC32|NET24
SALL4	DRRS|HSAL4|ZNF797
SMURF1	-
CAMK1D	CKLiK|CaM-K1|CaMKID
CCNL1	ANIA6A|BM-001|PRO1073|ania-6a
EMSY	C11orf30|GL002
AXL	ARK|JTK11|Tyro7|UFO
PRKCA	AAG6|PKC-alpha|PKCA|PRKACA
HES6	C-HAIRY1|HES-6|bHLHb41|bHLHc23
STYK1	NOK|SuRTK106
DPPA4	2410091M23Rik
WHSC1L1	NSD3|WHISTLE|pp14328
PPARG	CIMT1|GLM1|NR1C3|PPARG1|PPARG2|PPARgamma
DCUN1D1	DCNL1|DCUN1L1|RP42|SCCRO|SCRO|Tes3
CT45A1	CT45|CT45-1|CT45.1
PLXNB1	PLEXIN-B1|PLXN5|SEP
PLAGL2	ZNF900
RSF1	HBXAP|RSF-1|XAP8|p325
RAB23	HSPC137
PDGFRB	CD140B|IBGC4|IMF1|JTK12|KOGS|PDGFR|PDGFR-1|PDGFR1|PENTT
PDGFB	IBGC5|PDGF-2|PDGF2|SIS|SSV|c-sis
SIRT6	SIR2L6
ZBTB7A	FBI-1|FBI1|LRF|TIP21|ZBTB7|ZNF857A|pokemon
GMNN	Gem|MGORS6
CDON	CDO|CDON1|HPE11|ORCAM
PBX1	-
PAX4	KPD|MODY9
PAX3	CDHS|HUP2|WS1|WS3
PAX2	FSGS7|PAPRS
PAK1	PAKalpha
PA2G4	EBP1|HG4-1|p38-2G4
OLR1	CLEC8A|LOX1|LOXIN|SCARE1|SLOX1
NUP98	ADIR2|NUP196|NUP96
NPM1	B23|NPM
NOTCH1	AOS5|AOVD1|TAN1|hN1
NME1	AWD|GAAD|NB|NBS|NDKA|NDPK-A|NDPKA|NM23|NM23-H1
NFKB2	CVID10|H2TF1|LYT-10|LYT10|NF-kB2|p100|p49/p100|p52
NEDD9	CAS-L|CAS2|CASL|CASS2|HEF1
NEDD4	NEDD4-1|RPF1
ATF1	EWS-ATF1|FUS/ATF-1|TREB36
MYD88	MYD88D
MYCL	L-Myc|LMYC|MYCL1|bHLHe38
MUC4	ASGP|HSA276359|MUC-4
MUC1	ADMCKD|ADMCKD1|CA 15-3|CD227|EMA|H23AG|KL-6|MAM6|MCD|MCKD|MCKD1|MUC-1|MUC-1/SEC|MUC-1/X|MUC1/ZD|PEM|PEMT|PUM
MTCP1	P13MTCP1|p8MTCP1
MN1	MGCR|MGCR1|MGCR1-PEN|dJ353E16.2
MMP12	HME|ME|MME|MMP-12
MLLT4	AF6|MLL-AF6
MLLT1	ENL|LTG19|YEATS1
MITF	CMM8|MI|WS2|WS2A|bHLHe32
MFNG	-
RAB8A	MEL|RAB8
MCC	MCC1
MBD1	CXXC3|PCM1|RFT
PIM3	pim-3
MAGEA11	CT1.11|MAGE-11|MAGE11|MAGEA-11
EPCAM	DIAR5|EGP-2|EGP314|EGP40|ESA|HNPCC8|KS1/4|KSA|M4S1|MIC18|MK-1|TACSTD1|TROP1
TACSTD2	EGP-1|EGP1|GA733-1|GA7331|GP50|M1S1|TROP2
LMX1B	LMX1.2|NPS1
LMO1	RBTN1|RHOM1|TTG1
LHX1	LIM-1|LIM1
LDHB	HEL-S-281|LDH-B|LDH-H|LDHBD|TRG-5
LCK	IMD22|LSK|YT16|p56lck|pp58lck
AFF3	LAF4|MLLT2-like
MAFA	RIPE3b1|hMafA
LIN28B	CSDD2
RHOC	ARH9|ARHC|H9|RHOH9
RHOA	ARH12|ARHA|RHO12|RHOH12
SBSN	UNQ698
JUP	ARVD12|CTNNG|DP3|DPIII|PDGB|PKGB
JAK1	JAK1A|JAK1B|JTK3
ITK	EMT|LPFS1|LYK|PSCTK2
ARAF	A-RAF|ARAF1|PKS2|RAFA1
AR	AIS|AR8|DHTR|HUMARA|HYSP1|KD|NR3C4|SBMA|SMAX1|TFM
IRF4	LSIRF|MUM1|NF-EM5|SHEP8
INPPL1	OPSMD|SHIP2
AQP1	AQP-CHIP|CHIP28|CO
MACC1	7A5|SH3BP4L
IDH1	HEL-216|HEL-S-26|IDCD|IDH|IDP|IDPC|PICD
XIAP	API3|BIRC4|IAP-3|ILP1|MIHA|XLP2|hIAP-3|hIAP3
BIRC3	AIP1|API2|CIAP2|HAIP1|HIAP1|MALT2|MIHC|RNF49|c-IAP2
BIRC2	API1|HIAP2|Hiap-2|MIHB|RNF48|c-IAP1|cIAP1
ERAS	HRAS2|HRASP
HOXD13	BDE|BDSD|HOX4I|SPD
HOXD9	HOX4|HOX4C|Hox-4.3|Hox-5.2
HOXA1	BSAS|HOX1|HOX1F
TLX1	HOX11|TCL3
FOXA1	HNF3A|TCF3A
HMGA1	HMG-R|HMGA1A|HMGIY
HLF	-
HHEX	HEX|HMPH|HOX11L-PEN|PRH|PRHX
CXCL3	CINC-2b|GRO3|GROg|MIP-2b|MIP2B|SCYB3
CXCL2	CINC-2a|GRO2|GROb|MGSA-b|MIP-2a|MIP2|MIP2A|SCYB2
CXCL1	FSP|GRO1|GROa|MGSA|MGSA-a|NAP-3|SCYB1
UHRF1	ICBP90|Np95|RNF106|TDRD22|hNP95|hUHRF1|huNp95
MACROD1	LRP16
GPM6B	M6B
GPM6A	GPM6|M6A
GNAQ	CMC1|G-ALPHA-q|GAQ|SWS
GNAI2	GIP|GNAI2B|H_LUCA15.1|H_LUCA16.1
GNA12	NNX3|RMP|gep
GLO1	GLOD1|GLYI|HEL-S-74
LSM1	CASM|YJL124C
FOXP1	12CC4|HSPC215|MFH|QRF1|hFKH1B
PELP1	MNAR|P160
GFI1	GFI-1|GFI1A|SCN2|ZNF163
ADGRF1	GPR110|KPG_012|PGR19|hGPCR36
CCDC28A	C6orf80|CCRL1AP
NUTM1	C15orf55|FAM22H|NUT
FZD2	Fz2|fz-2|fzE2|hFz2
FYN	SLK|SYN|p59-FYN
MTOR	FRAP|FRAP1|FRAP2|RAFT1|RAPT1|SKS
CBX7	-
BRD4	CAP|HUNK1|HUNKI|MCAP
USP22	USP3L
MCF2L	ARHGEF14|DBS|OST
KDM4C	GASC1|JHDM3C|JMJD2C|TDRD14C
FOXO1	FKH1|FKHR|FOXO1A
TRIM32	BBS11|HT2A|LGMD2H|TATIP
RRAS2	TC21
FHL2	AAG11|DRAL|FHL-2|SLIM-3|SLIM3
FGR	SRC2|c-fgr|c-src2|p55-Fgr|p55c-fgr|p58-Fgr|p58c-fgr
FGFR3	ACH|CD333|CEK2|HSFGFR3EX|JTK4
FGFR1	BFGFR|CD331|CEK|FGFBR|FGFR-1|FLG|FLT-2|FLT2|HBGFR|HH2|HRTFDS|KAL2|N-SAM|OGD|bFGF-R-1
FGF6	HBGF-6|HST2
FGF5	HBGF-5|Smag-82|TCMGLY
FGF4	HBGF-4|HST|HST-1|HSTF1|K-FGF|KFGF
FGF3	HBGF-3|INT2
FASN	FAS|OA-519|SDR27X1
EVI2A	EVDA|EVI-2A|EVI2
MECOM	AML1-EVI-1|EVI1|MDS1|MDS1-EVI1|PRDM3|RUSAT2
ETV1	ER81
AKT2	HIHGHH|PKBB|PKBBETA|PRKBB|RAC-BETA
ERG	erg-3|p55
ERBB4	ALS19|HER4|p180erbB4
ERBB3	ErbB-3|HER3|LCCS2|MDA-BF-1|c-erbB-3|c-erbB3|erbB3-S|p180-ErbB3|p45-sErbB3|p85-sErbB3
CTTN	EMS1
ELF4	ELFR|MEF
EIF4E	AUTS19|CBP|EIF4E1|EIF4EL1|EIF4F|eIF-4E
EPHA2	ARCC2|CTPA|CTPP1|CTRCT6|ECK
EEF1A2	EEF1AL|EF-1-alpha-2|EF1A|EIEE33|HS1|MRD38|STN|STNL
ECT2	ARHGEF31
E2F1	E2F-1|RBAP1|RBBP3|RBP3
DSG3	CDHF6|PVA
DLX5	SHFM1D
DDX6	HLR2|P54|RCK
DDB2	DDBB|UV-DDB2|XPE
DAXX	BING2|DAP6|EAP1
CYP24A1	CP24|CYP24|HCAI|P450-CC24
CUX1	CASP|CDP|CDP/Cut|CDP1|COY1|CUTL1|CUX|Clox|Cux/CDP|GOLIM6|Nbla10317|p100|p110|p200|p75
DPPA2	CT100|ECAT15-2|PESCRG1
NBPF12	COAS1|KIAA1245
CTGF	CCN2|HCS24|IGFBP8|NOV2
CTBP2	-
CSNK2A1	CK2A1|CKII|CSNK2A3
CRKL	-
MAP3K8	AURA2|COT|EST|ESTF|MEKK8|TPL2|Tpl-2|c-COT
PIGU	CDC91L1|GAB1
DCD	AIDD|DCD-1|DSEP|HCAP|PIF
CKS1B	CKS1|PNAS-16|PNAS-18|ckshs1
KLF8	BKLF3|ZNF741
PADI2	PAD-H19|PAD2|PDI2
RASSF1	123F2|NORE2A|RASSF1A|RDA32|REH3P21
PTP4A3	PRL-3|PRL-R|PRL3
FGFR1OP	FOP
UBE2C	UBCH10|dJ447F3.2
MLLT11	AF1Q
AHCYL1	DCAL|IRBIT|PPP1R78|PRO0233|XPVKONA
CHL1	CALL|L1CAM2
PTTG2	-
IGF2BP1	CRD-BP|CRDBP|IMP-1|IMP1|VICKZ1|ZBP1
MERTK	MER|RP38|Tyro12|c-Eyk|c-mer
HAX1	HCLSBP1|HS1BP1|SCN3
VAV3	-
CDX2	CDX-3|CDX2/AS|CDX3
TFG	HMSNP|SPG57|TF6|TRKT3
CDKN3	CDI1|CIP2|KAP|KAP1
NET1	ARHGEF8|NET1A
CDKN1A	CAP20|CDKN1|CIP1|MDA-6|P21|SDI1|WAF1|p21CIP1
SPRY2	IGAN3|hSPRY2
CDK8	K35
CDK6	MCPH12|PLSTIRE
CDK4	CMM3|PSK-J3
CDH17	CDH16|HPT-1|HPT1
CMC4	C6.1B|MTCP1|MTCP1B|MTCP1NB|p8|p8MTCP1
FRAT1	-
CD24	CD24A
CDC25C	CDC25|PPP1R60
CDC25A	CDC25A2
KIF14	MKS12
GAB2	-
CDK1	CDC2|CDC28A|P34CDC2
SERTAD2	Sei-2|TRIP-Br2
KIAA0101	L5|NS5ATP9|OEATC|OEATC-1|OEATC1|PAF|PAF15|p15(PAF)|p15/PAF|p15PAF
SART3	DSAP1|P100|RP11-13G14|TIP110|p110|p110(nrb)
ESPL1	ESP1|SEPA
PPP1R14A	CPI-17|CPI17|PPP1INL
FOXQ1	HFH1
ZFAND4	ANUBL1
PRDM6	-
INTS4	INT4|MST093
ARHGEF2	GEF|GEF-H1|GEFH1|LFP40|P40
ARHGEF1	GEF1|LBCL2|LSC|P115-RHOGEF|SUB1.5
SPAG9	CT89|HLC-6|HLC4|HLC6|JIP-4|JIP4|JLP|PHET|PIG6
CDK5R2	NCK5AI|P39|p39nck5ai
CCNB1	CCNB
FUBP1	FBP|FUBP|hDH V
SQSTM1	A170|FTDALS3|OSIL|PDB3|ZIP3|p60|p62|p62B
CFLAR	CASH|CASP8AP1|CLARP|Casper|FLAME|FLAME-1|FLAME1|FLIP|I-FLICE|MRIT|c-FLIP|c-FLIPL|c-FLIPR|c-FLIPS
GALR2	GAL2-R|GALNR2|GALR-2
ADAM9	CORD9|MCMP|MDC9|Mltng
CBLB	Cbl-b|Nbla00127|RNF56
PTCH2	PTC2
RUNX3	AML2|CBFA3|PEBP2aC
PIR	-
LMO4	-
MUM1	EXPAND1|HSPC211|MUM-1
PPM1D	PP2C-DELTA|WIP1
MINA	MDIG|MINA53|NO52|ROX
HDGFRP2	HDGF-2|HDGF2|HRP-2
CUL4A	-
MAML2	MAM-3|MAM2|MAM3|MLL-MAML2
MIEN1	C17orf37|C35|ORB3|RDX12|XTP4
BCL2L12	-
CAPG	AFCP|HEL-S-66|MCP
NCOA3	ACTR|AIB-1|AIB1|CAGH16|CTG26|KAT13B|RAC3|SRC-3|SRC3|TNRC14|TNRC16|TRAM-1|bHLHe42|pCIP
NUAK2	SNARK
FIP1L1	FIP1|Rhe|hFip1
NECTIN4	EDSS1|LNIR|PRR4|PVRL4|nectin-4
TRIM8	GERP|RNF27
INTS5	INT5|KIAA1698
CBLL1	HAKAI|RNF188
LIN28A	CSDD1|LIN-28|LIN28|ZCCHC1|lin-28A
AIMP2	JTV-1|JTV1|P38|PRO0992
HMGN5	NBP-45|NSBP1
DUSP26	DSP-4|DUSP24|LDP-4|MKP-8|MKP8|NATA1|NEAP|SKRP3
CXCR4	CD184|D2S201E|FB22|HM89|HSY3RR|LAP-3|LAP3|LCR1|LESTR|NPY3R|NPYR|NPYRL|NPYY3R|WHIM|WHIMS
EVI5	EVI-5|NB4S
ZMYM2	FIM|MYM|RAMP|SCLL|ZNF198
ZIC2	HPE5
YWHAZ	14-3-3-zeta|HEL-S-3|HEL-S-93|HEL4|KCIP-1|YWHAD
YWHAG	14-3-3GAMMA|PPP1R170
YY1	DELTA|INO80S|NF-E1|UCRBP|YIN-YANG-1
WNT10B	SHFM6|WNT-12
WNT5A	hWNT5A
WNT2	INT1L1|IRP
VAV2	VAV-2
UCHL1	HEL-117|HEL-S-53|NDGOA|PARK5|PGP 9.5|PGP9.5|PGP95|Uch-L1
TYRP1	CAS2|CATB|GP75|OCA3|TRP|TRP1|TYRP|b-PROTEIN
ACOD1	CAD|IRG1
FAM72A	LMPIP|Ugene
TSPY1	CT78|DYS14|TSPY|pJA923
TRIO	ARHGEF23|tgat
TRAF6	MGC:3310|RNF85
TPD52	D52|N8L|PC-1|PrLZ|hD52
TNFRSF1B	CD120b|TBPII|TNF-R-II|TNF-R75|TNFBR|TNFR1B|TNFR2|TNFR80|p75|p75TNFR
TMPRSS2	PP9284|PRSS10
TLE1	ESG|ESG1|GRG1
NKX2-1	BCH|BHC|NK-2|NKX2.1|NKX2A|NMTC1|T/EBP|TEBP|TITF1|TTF-1|TTF1
THRA	AR7|CHNG6|EAR7|ERB-T-1|ERBA|ERBA1|NR1A1|THRA1|THRA2|c-ERBA-1
TGFB1	CED|DPD1|LAP|TGFB|TGFbeta
TFCP2	LBP1C|LSF|LSF1D|SEF|TFCP2C
TEC	PSCTK4
TBX3	TBX3-ISO|UMS|XHL
CNTN2	AXT|FAME5|TAG-1|TAX|TAX1
TALDO1	TAL|TAL-H|TALDOR|TALH
KLF5	BTEB2|CKLF|IKLF
TAF1	BA2R|CCG1|CCGS|DYT3|DYT3/TAF1|KAT4|MRXS33|N-TAF1|NSCL2|OF|P250|TAF(II)250|TAF2A|TAFII-250|TAFII250|XDP
TAC1	Hs.2563|NK2|NKNA|NPK|TAC2
SYT1	P65|SVP65|SYT
SOX4	EVI16
SNCG	BCSG1|SR
BMP7	OP-1
SLC3A2	4F2|4F2HC|4T2HC|CD98|CD98HC|MDU1|NACAE
INTS3	C1orf193|C1orf60|INT3|SOSS-A|SOSSA
SIX1	BOS3|DFNA23|TIP39
TBC1D15	RAB7-GAP
FNDC3B	FAD104|PRO4979|YVTM2421
AKTIP	FT1|FTS
SRSF6	B52|HEL-S-91|SFRS6|SRP55
SRSF3	SFRS3|SRp20
SRSF1	ASF|SF2|SF2p33|SFRS1|SRp30a
SFPQ	POMP100|PPP1R140|PSF
GOLPH3	GOPP1|GPP34|MIDAS|Vps74
PRDM14	PFM11
PRDM15	C21orf83|PFM15|ZNF298
PRDM16	CMD1LL|LVNC8|MEL1|PFM13
SEA	-
S100A8	60B8AG|CAGA|CFAG|CGLA|CP-10|L1Ag|MA387|MIF|MRP8|NIF|P8
S100A4	18A2|42A|CAPL|FSP1|MTS1|P9KA|PEL98
ROCK1	P160ROCK|ROCK-I
RINT1	RINT-1
RING1	RING1A|RNF1
RHO	CSNBAD1|OPN2|RP4
RGR	RP44
BCL2L1	BCL-XL/S|BCL2L|BCLX|Bcl-X|PPP1R52
BCKDHB	BCKDE1B|BCKDH E1-beta|E1B
PRDM13	MU-MB-20.220|PFM10
PRDM12	HSAN8|PFM9
RAP1A	C21KG|G-22K|KREV-1|KREV1|RAP1|SMGP21
RALGDS	RGDS|RGF|RalGEF
RAC1	MIG5|Rac-1|TC-25|p21-Rac1
BARD1	-
PTMA	TMSA
PTK7	CCK-4|CCK4
INTS2	INT2|KIAA1287
SLC12A5	EIEE34|EIG14|KCC2|hKCC2
PTCH1	BCNS|HPE7|NBCCS|PTC|PTC1|PTCH|PTCH11
PSMD10	dJ889N15.2|p28|p28(GANK)
PAK7	PAK5
GOPC	CAL|FIG|GOPC1|PIST|dJ94G16.2
PRDM10	PFM7
PRDM9	MEISETZ|MSBP3|PFM6|ZNF899
PRDM8	EPM10|PFM5
EIF5A2	EIF-5A2|eIF5AII
BAIAP2L1	IRTKS
LMO3	RBTN3|RBTNL2|RHOM3|Rhom-3
PBK	CT84|HEL164|Nori-3|SPK|TOPK
PRKCE	PKCE|nPKC-epsilon
INTS8	C8orf52|INT8
GALNT10	GALNACT10|PPGALNACT10|PPGANTASE10
LAPTM4B	LAPTM4beta|LC27
BRF2	BRFU|TFIIIB50
TMEM140	-
YY1AP1	HCCA1|HCCA2|YAP|YY1AP
PPP1R10	CAT53|FB19|PNUTS|PP1R10|R111|p99
AKIRIN2	C6orf166|FBI1|dJ486L4.2
BANP	BEND1|SMAR1|SMARBP1
RNF43	RNF124|URCC
AHI1	AHI-1|JBTS3|ORF1|dJ71N10.1
FEV	HSRNAFEV|PET-1
ZNHIT6	BCD1|C1orf181|NY-BR-75
CROT	COT
PLK1	PLK|STPK13
CHIC1	BRX
BCL11A	BCL11A-L|BCL11A-S|BCL11A-XL|BCL11a-M|CTIP1|EVI9|HBFQTL5|ZNF856
PITX2	ARP1|Brx1|IDG2|IGDS|IGDS2|IHG2|IRID2|Otlx2|PTX2|RGS|RIEG|RIEG1|RS
PIK3R1	AGM7|GRB1|IMD36|p85|p85-ALPHA
CDK14	PFTAIRE1|PFTK1
PDGFA	PDGF-A|PDGF1
PLAC8	C15|DGIC|PNAS-144|onzin
TBC1D7	MGCPH|PIG51|TBC7
LEF1	LEF-1|TCF10|TCF1ALPHA|TCF7L3
PBX2	G17|HOX12|PBX2MHC
OTX2	CPHD6|MCOPS5
NTRK3	GP145-TrkC|TRKC|gp145(trkC)
YBX1	BP-8|CBF-A|CSDA2|CSDB|DBPB|EFI-A|MDR-NF1|NSEP-1|NSEP1|YB-1|YB1
NOV	CCN3|IBP-9|IGFBP-9|IGFBP9|NOVh
NOTCH4	INT3
NFIB	CTF|HMGIC/NFIB|NF-I/B|NF1-B|NFI-B|NFI-RED|NFIB2|NFIB3
RERE	ARG|ARP|ATN1L|DNB1
CEACAM6	CD66c|CEAL|NCA
ATF3	-
MST1R	CD136|CDw136|PTK8|RON
MSI1	-
TRE17	-
MRE11A	ATLD|HNGS1|MRE11|MRE11B
MPST	MST|TST2|TUM1
MNAT1	CAP35|MAT1|RNF66|TFB3
ASCL1	ASH1|HASH1|MASH1|bHLHa46
MEIS1	-
MEFV	FMF|MEF|TRIM20
MEF2C	C5DELq14.3|DEL5q14.3
MDM4	HDMX|MDMX|MRP1
MCL1	BCL2L3|EAT|MCL1-ES|MCL1L|MCL1S|Mcl-1|TM|bcl2-L-3|mcl1/EAT
LCN2	24p3|MSFI|NGAL|p25
STMN1	C1orf215|LAP18|Lag|OP18|PP17|PP19|PR22|SMN
FEZF1	FEZ|HH22|ZNF312B
CENPW	C6orf173|CENP-W|CUG2
AGRN	CMS8|CMSPPD
JUND	AP-1
JUNB	AP-1
ITGA3	CD49C|FRP-2|GAP-B3|GAPB3|ILNEB|MSK18|VCA-2|VL3A|VLA3a
IRF2	IRF-2
EIF3E	EIF3-P48|EIF3S6|INT6|eIF3-p46
ILK	HEL-S-28|ILK-1|ILK-2|P59|p59ILK
IL7R	CD127|CDW127|IL-7R-alpha|IL7RA|ILRA
IGF2	C11orf43|GRDF|IGF-II|PP9974
IGF1R	CD221|IGFIR|IGFR|JTK13
IFNG	IFG|IFI
ID2	GIG8|ID2A|ID2H|bHLHb26
ID1	ID|bHLHb24
HSPB1	CMT2F|HEL-S-102|HMN2B|HS.76067|HSP27|HSP28|Hsp25|SRP27
HSPA5	BIP|GRP78|HEL-S-89n|MIF2
HSPA4	APG-2|HEL-S-5a|HS24/P52|HSPH2|RY|hsp70|hsp70RY
HSPA1A	HEL-S-103|HSP70-1|HSP70-1A|HSP70.1|HSP70I|HSP72|HSPA1
AGFG1	HRB|RAB|RIP
HNRNPA1	ALS19|ALS20|HNRPA1|HNRPA1L3|IBMPFD3|UP 1|hnRNP A1|hnRNP-A1
ERVW-1	ENV|ENVW|ERVWE1|HERV-7q|HERV-W-ENV|HERV7Q|HERVW|HERVWENV
HDAC1	GON-10|HD1|RPD3|RPD3L1
HAS1	HAS
SERTAD1	SEI1|TRIP-Br1
SERTAD3	RBT1
GPR132	G2A
GSK3A	-
GRM1	GPRC1A|MGLU1|MGLUR1|PPP1R85|SCAR13
MCTS1	MCT-1|MCT1
TRIB2	C5FW|GS3955|TRB2
KSR2	-
BCL9L	BCL9-2|DLNB11
EML4	C2orf2|ELP120|EMAP-4|EMAPL4|ROPP120
GLI3	ACLS|GCPS|GLI3-190|GLI3FL|PAP-A|PAPA|PAPA1|PAPB|PHS|PPDIV
GLI2	CJS|HPE9|PHS2|THP1|THP2
NAAA	ASAHL|PLT
ABL2	ABLL|ARG
RGL4	Rgr
GATA6	-
GATA1	ERYF1|GATA-1|GF-1|GF1|NF-E1|NFE1|XLANP|XLTDA|XLTT
INTS1	INT1|NET28
INTS7	C1orf73|INT7
PARM1	Cipar1|DKFZP564O0823|PARM-1|WSC4
MMS22L	C6orf167|dJ39B17.2
PRAME	CT130|MAPE|OIP-4|OIP4
CABIN1	CAIN|KB-318B8.7|PPP3IN
ANP32C	PP32R1
ANP32D	PP32R2
SIRT1	SIR2|SIR2L1|SIR2alpha
CRTC1	MECT1|TORC-1|TORC1|WAMTP1
DDHD2	SAMWD1|SPG54|iPLA(1)gamma
TBC1D1	TBC|TBC1
MLANA	MART-1|MART1
SWAP70	HSPC321|SWAP-70
WAPL	FOE|KIAA0261|WAPAL
FOXM1	FKHL16|FOXM1B|HFH-11|HFH11|HNF-3|INS-1|MPHOSPH2|MPP-2|MPP2|PIG29|TRIDENT
KDM2A	CXXC8|FBL11|FBL7|FBXL11|JHDM1A|LILINA
NINL	NLP
RAB18	RAB18LI1|WARBM3
MAPRE1	EB1
FOXG1	BF1|BF2|FHKL3|FKH2|FKHL1|FKHL2|FKHL3|FKHL4|FOXG1A|FOXG1B|FOXG1C|HBF-1|HBF-2|HBF-3|HBF-G2|HBF2|HFK1|HFK2|HFK3|KHL2|QIN
DIS3	2810028N01Rik|EXOSC11|KIAA1008|RRP44|dis3p
MRAS	M-RAs|R-RAS3|RRAS3
FGFR4	CD334|JTK2|TKF
FGF10	-
FGF8	AIGF|FGF-8|HBGF-8|HH6|KAL6
FDPS	FPPS|FPS|POROK9
PTK2B	CADTK|CAKB|FADK2|FAK2|PKB|PTK|PYK2|RAFTK
ALDH1A1	ALDC|ALDH-E1|ALDH1|ALDH11|HEL-9|HEL-S-53e|HEL12|PUMB1|RALDH1
ETV4	E1A-F|E1AF|PEA3|PEAS3
ETV3	METS|PE-1|PE1|bA110J1.4
EPS8	DFNB102
EN2	-
ELK3	ERP|NET|SAP-2|SAP2
ELK1	-
ELAVL1	ELAV1|HUR|Hua|MelG
EEF1D	EF-1D|EF1D|FP1047
EEF1A1	CCS-3|CCS3|EE1A1|EEF-1|EEF1A|EF-Tu|EF1A|GRAF-1EF|HNGC:16303|LENG7|PTI1|eEF1A-1
ECHS1	ECHS1D|SCEH
E2F5	E2F-5
E2F3	E2F-3
ARID3A	BRIGHT|DRIL1|DRIL3|E2FBP1
ADRBK2	BARK2|GRK3
CTSZ	CTSX
CTNND2	GT24|NPRAP
CSNK2A2	CK2A2|CK2alpha'|CSNK2A1
CSF3R	CD114|GCSFR
CSF3	C17orf33|CSF3OS|GCSF
CSF1	CSF-1|MCSF
CRYAB	CMD1II|CRYA2|CTPP2|CTRCT16|HEL-S-101|HSPB5|MFM2
CREB1	CREB|CREB-1
GPAT4	1-AGPAT 6|AGPAT6|LPAAT-zeta|LPAATZ|TSARG7
SPATA4	SPEF1B|TSARG2
KLF6	BCD1|CBA1|COPEB|CPBP|GBF|PAC1|ST12|ZF9
CNR2	CB-2|CB2|CX5
AGAP2	CENTG1|GGAP2|PIKE
CYGB	HGB|STAP
PARK7	DJ-1|DJ1|HEL-S-67p
DUSP12	DUSP1|YVH1
TREH	TRE|TREA
PSIP1	DFS70|LEDGF|PAIP|PSIP2|p52|p75
COPS5	CSN5|JAB1|MOV-34|SGN5
YWHAQ	14-3-3|1C5|HS1
MALT1	IMD12|MLT|MLT1|PCASP1
SMR3B	P-B|PBII|PRL3|PROL3|SMR1B
ADAM28	ADAM 28|MDC-L|MDCL|eMDC II|eMDCII
PPP1R13L	IASPP|NKIP1|RAI|RAI4
9-Sep	AF17q25|MSF|MSF1|NAPB|PNUTL4|SINT1|SeptD1
ZNF268	HZF3
KDM5B	CT31|JARID1B|PLU-1|PLU1|PPP1R98|PUT1|RBBP2H1A|RBP2-H1
FAM189B	C1orf2|COTE1
GNA13	G13
DNPH1	C6orf108|RCL|dJ330M21.3
LAMTOR5	HBXIP|XIP
RBM14	COAA|PSP2|SIP|SYTIP1|TMEM137
PRMT5	HRMT1L5|IBP72|JBP1|SKB1|SKB1Hs
KLF2	LKLF
IKZF1	Hs.54452|IK1|IKAROS|LYF1|LyF-1|PPP1R92|PRO0758|ZNFN1A1
PDZK1IP1	DD96|MAP17|SPAP
TRIM28	KAP1|PPP1R157|RNF96|TF1B|TIF1B
AKAP9	AKAP-9|AKAP350|AKAP450|CG-NAP|HYPERION|LQT11|MU-RMS-40.16A|PPP1R45|PRKA9|YOTIAO
TSPAN1	NET1|TM4C|TM4SF
TGM3	TGE
GREM1	C15DUPq|CKTSF1B1|CRAC1|CRCS4|DAND2|DRM|DUP15q|GREMLIN|HMPS|HMPS1|IHG-2|MPSH|PIG2
BIRC5	API4|EPR-1