ACHE	ACEE|ARACHE|N-ACHE|YT
ACY1	ACY-1|ACY1D|HEL-S-5
ADARB1	ADAR2|DRABA2|DRADA2|RED1
ADPRH	ARH1
PARP1	ADPRT|ADPRT 1|ADPRT1|ARTD1|PARP|PARP-1|PPOL|pADPRT-1
AGTR1	AG2S|AGTR1B|AT1|AT1AR|AT1B|AT1BR|AT1R|AT2R1|HAT1R
AHR	bHLHe76
AIF1	AIF-1|IBA1|IRT-1|IRT1
AKR1B1	ADR|ALDR1|ALR2|AR
ALOX15	12-LOX|15-LOX-1|15LOX-1
ALOX15B	15-LOX-2
ALPL	AP-TNAP|APTNAP|HOPS|TNAP|TNSALP
AMH	MIF|MIS
BIN1	AMPH2|AMPHL|SH3P9
ANXA1	ANX1|LPC1
ANXA7	ANX7|SNX|SYNEXIN
APAF1	APAF-1|CED4
APC	BTPS2|DP2|DP2.5|DP3|GS|PPP1R46
FAS	ALPS1A|APO-1|APT1|CD95|FAS1|FASTM|TNFRSF6
ARF1	-
ARG1	-
RHOA	ARH12|ARHA|RHO12|RHOH12
RHOB	ARH6|ARHB|MST081|MSTP081|RHOH6
RND3	ARHE|Rho8|RhoE|memB
PHOX2A	ARIX|CFEOM2|FEOM2|NCAM2|PMX2A
ARNTL	BMAL1|BMAL1c|JAP3|MOP3|PASD3|TIC|bHLHe5
ASCL1	ASH1|HASH1|MASH1|bHLHa46
ASS1	ASS|CTLN1
ZFHX3	ATBF1|ATBT|ZNF927
ATF3	-
ATM	AT1|ATA|ATC|ATD|ATDC|ATE|TEL1|TELO1
ATR	FCTCS|FRP1|MEC1|SCKL|SCKL1
AZGP1	ZA2G|ZAG
BARD1	-
BAX	BCL2L4
BCR	ALL|BCR1|CML|D22S11|D22S662|PHL
CEACAM1	BGP|BGP1|BGPI
BIK	BIP1|BP4|NBK
PRDM1	BLIMP1|PRDI-BF1
BLM	BS|RECQ2|RECQL2|RECQL3
BMP2	BDA2|BMP2A
BMP4	BMP2B|BMP2B1|MCOPS6|OFC11|ZYME
BMPR1A	10q23del|ACVRLK3|ALK3|CD292|SKR5
BMPR2	BMPR-II|BMPR3|BMR2|BRK-3|POVD1|PPH1|T-ALK
BNIP3L	BNIP3a|NIX
FOXL2	BPES|BPES1|PFRK|PINTO|POF3
BRCA1	BRCAI|BRCC1|BROVCA1|FANCS|IRIS|PNCA4|PPP1R53|PSCP|RNF53
BRCA2	BRCC2|BROVCA2|FACD|FAD|FAD1|FANCD|FANCD1|GLM3|PNCA2|XRCC11
ZFP36L2	BRF2|ERF-2|ERF2|RNF162C|TIS11D
KLF5	BTEB2|CKLF|IKLF
BTK	AGMX1|AT|ATK|BPK|IMD1|PSCTK1|XLA
CAPG	AFCP|HEL-S-66|MCP
CASP2	CASP-2|ICH1|NEDD-2|NEDD2|PPP1R57
CASP5	ICE(rel)III|ICEREL-III|ICH-3
CASP8	ALPS2B|CAP4|Casp-8|FLICE|MACH|MCH5
CAT	-
CAV1	BSCL3|CGL3|LCCNS|MSTP085|PPH3|VIP21
RUNX2	AML3|CBF-alpha-1|CBFA1|CCD|CCD1|CLCD|OSF-2|OSF2|PEA2aA|PEBP2aA
RUNX1	AML1|AML1-EVI-1|AMLCR1|CBFA2|EVI-1|PEBP2aB
CBFA2T3	ETO2|MTG16|MTGR2|ZMYND4
RUNX3	AML2|CBFA3|PEBP2aC
CBL	C-CBL|CBL2|FRA11B|NSLL|RNF55
KRIT1	CAM|CCM1
CCNC	CycC
CD4	CD4mut
CD44	CDW44|CSPG8|ECMR-III|HCELL|HUTCH-I|IN|LHR|MC56|MDU2|MDU3|MIC4|Pgp1
CDH1	Arc-1|CD324|CDHE|ECAD|LCAM|UVO
CDH4	CAD4|R-CAD|RCAD
CDH5	7B4|CD144
CDH11	CAD11|CDHOB|OB|OSF-4
CDH13	CDHH|P105
CDH17	CDH16|HPT-1|HPT1
CDK2	CDKN2|p33(CDK2)
CDK6	MCPH12|PLSTIRE
CDKN1A	CAP20|CDKN1|CIP1|MDA-6|P21|SDI1|WAF1|p21CIP1
CDKN1B	CDKN4|KIP1|MEN1B|MEN4|P27KIP1
CDKN1C	BWCR|BWS|KIP2|WBS|p57|p57Kip2
CDKN2A	ARF|CDK4I|CDKN2|CMM2|INK4|INK4A|MLM|MTS-1|MTS1|P14|P14ARF|P16|P16-INK4A|P16INK4|P16INK4A|P19|P19ARF|TP16
CDKN2B	CDK4I|INK4B|MTS2|P15|TP15|p15INK4b
CDKN2C	INK4C|p18|p18-INK4C
CDO1	-
CDX2	CDX-3|CDX2/AS|CDX3
CEBPA	C/EBP-alpha|CEBP
CEBPD	C/EBP-delta|CELF|CRP3|NF-IL6-beta
CFTR	ABC35|ABCC7|CF|CFTR/MRP|MRP7|TNR-CFTR|dJ760C5.1
CHD1	-
CHEK1	CHK1
CHUK	IKBKA|IKK-alpha|IKK1|IKKA|NFKBIKA|TCF16
CLU	APO-J|APOJ|CLI|CLU1|CLU2|KUB1|NA1/NA2|SGP-2|SGP2|SP-40|TRPM-2|TRPM2
CNN1	HEL-S-14|SMCC|Sm-Calp
KLF6	BCD1|CBA1|COPEB|CPBP|GBF|PAC1|ST12|ZF9
MAP3K8	COT|EST|ESTF|MEKK8|TPL2|Tpl-2|c-COT
CREBBP	CBP|KAT3A|RSTS
CREM	CREM-2|ICER|hCREM-2
CSF2	GMCSF
CSNK1A1	CK1|CK1a|CKIa|HEL-S-77p|HLCDGP1|PRO2975
CST5	-
CST6	-
CTGF	CCN2|HCS24|IGFBP8|NOV2
CTNNA2	CAP-R|CAPR|CT114|CTNR
CTNND1	CAS|CTNND|P120CAS|P120CTN|p120|p120(CAS)|p120(CTN)
CUX1	CASP|CDP|CDP/Cut|CDP1|COY1|CUTL1|CUX|Clox|Cux/CDP|GOLIM6|Nbla10317|p100|p110|p200|p75
CYB5A	CYB5|MCB5
CYLD	BRSS|CDMT|CYLD1|CYLDI|EAC|MFT|MFT1|SBS|TEM|USPL2
DAB2	DOC-2|DOC2
DACH1	DACH
DAPK1	DAPK
DAPK3	DLK|ZIP|ZIPK
BRINP1	DBC1|DBCCR1|FAM5A
DCC	CRC18|CRCR1|IGDCC1|MRMV1|NTN1R1
DCN	CSCD|DSPG2|PG40|PGII|PGS2|SLRR1B
DDB2	DDBB|UV-DDB2
GADD45A	DDIT1|GADD45
DDX3X	CAP-Rf|DBX|DDX14|DDX3|HLP2
DEFB1	BD1|DEFB-1|DEFB101|HBD1
DFFA	DFF-45|DFF1|ICAD
DFNA5	ICERE-1
DLG1	DLGH1|SAP-97|SAP97|dJ1061C18.1.1|hdlg
DMBT1	GP340|muclin
DMD	BMD|CMD3B|DXS142|DXS164|DXS206|DXS230|DXS239|DXS268|DXS269|DXS270|DXS272|MRX85
DNMT1	ADCADN|AIM|CXXC9|DNMT|HSN1E|MCMT
DNMT3A	DNMT3A2|M.HsaIIIA|TBRS
DNMT3B	ICF|ICF1|M.HsaIIIB
DOK1	P62DOK
DPH1	DPH2L|DPH2L1|OVCA1
DPP4	ADABP|ADCP2|CD26|DPPIV|TP103
DSC3	CDHF3|DSC|DSC1|DSC2|DSC4|HT-CP
DSP	DCWHKTA|DP|DPI|DPII
DUSP1	CL100|HVH1|MKP-1|MKP1|PTPN10
DUSP5	DUSP|HVH3
DUSP6	HH19|MKP3|PYST1
DUSP9	MKP-4|MKP4
E2F1	E2F-1|RBAP1|RBBP3|RBP3
E2F2	E2F-2
E2F3	E2F-3
ECT2	ARHGEF31
EDNRB	ABCDS|ET-B|ET-BR|ETB|ETBR|ETRB|HSCR|HSCR2|WS4A
EEF1A1	CCS-3|CCS3|EE1A1|EEF-1|EEF1A|EF-Tu|EF1A|GRAF-1EF|HNGC:16303|LENG7|PTI1|eEF1A-1
EFNA5	AF1|EFL5|EPLG7|GLC1M|LERK7|RAGS
EGR1	AT225|G0S30|KROX-24|NGFI-A|TIS8|ZIF-268|ZNF225
EGR2	AT591|CMT1D|CMT4E|KROX20
EPHA2	ARCC2|CTPA|CTPP1|CTRCT6|ECK
EMP1	CL-20|EMP-1|TMP
EMP2	NPHS10|XMP
EPAS1	ECYT4|HIF2A|HLF|MOP2|PASD2|bHLHe73
EPB41	4.1R|EL1|HE
EPHA1	EPH|EPHT|EPHT1
EPHA3	EK4|ETK|ETK1|HEK|HEK4|TYRO4
EPHB2	CAPB|DRT|EK5|EPHT3|ERK|Hek5|PCBC|Tyro5
EPHB3	ETK2|HEK2|TYRO6
EPHB4	HTK|MYK1|TYRO11
EPHB6	HEP
ERBB4	ALS19|HER4|p180erbB4
EYA4	CMD1J|DFNA10
ERF	CRS4|PE-2|PE2
ESR1	ER|ESR|ESRA|ESTRR|Era|NR3A1
ESR2	ER-BETA|ESR-BETA|ESRB|ESTRB|Erb|NR3A2
ESRRB	DFNB35|ERR2|ERRb|ESRL2|NR3B2
ETS2	ETS2IT1
ETV6	TEL|TEL/ABL
EXT1	EXT|LGCR|LGS|TRPS2|TTV
EXT2	SOTV
EXTL1	EXTL
EXTL2	EXTR2
EXTL3	BOTV|EXTL1L|EXTR1|REGR|RPR
EZH1	KMT6B
EZH2	ENX-1|ENX1|EZH1|EZH2b|KMT6|KMT6A|WVS|WVS2
FABP3	FABP11|H-FABP|M-FABP|MDGI|O-FABP
FANCG	FAG|XRCC9
FBLN1	FBLN|FIBL1
FAT1	CDHF7|CDHR8|FAT|ME5|hFat1
FBP1	FBP
GPC5	-
FH	HLRCC|LRCC|MCL|MCUL1
FHIT	AP3Aase|FRA3B
FHL1	FHL-1|FHL1A|FHL1B|FLH1A|KYOT|SLIM|SLIM-1|SLIM1|SLIMMER|XMPMA
FOXC1	ARA|FKHL7|FREAC-3|FREAC3|IGDA|IHG1|IRID1|RIEG3
FOXO1	FKH1|FKHR|FOXO1A
FOXO3	AF6q21|FKHRL1|FKHRL1P2|FOXO2|FOXO3A
FLNA	ABP-280|ABPX|CSBS|CVD1|FLN|FLN-A|FLN1|FMD|MNS|NHBP|OPD|OPD1|OPD2|XLVD|XMVD
FLT3	CD135|FLK-2|FLK2|STK1
FXN	CyaY|FA|FARR|FRDA|X25
FRK	GTK|PTK5|RAK
FUS	ALS6|ETM4|FUS1|HNRNPP2|POMP75|TLS
GALR1	GALNR|GALNR1
GAS1	-
GATA4	ASD2|TACHD|TOF|VSD1
GBP1	-
GJA1	AVSD3|CMDR|CX43|GJAL|HLHS1|HSS|ODDD
GJB2	CX26|DFNA3|DFNA3A|DFNB1|DFNB1A|HID|KID|NSRD1|PPK
GPC3	DGSX|GTR2-2|MXR7|OCI-5|SDYS|SGB|SGBS|SGBS1
GLI1	GLI
GNAT1	CSNBAD3|GBT1|GNATR
SFN	YWHAS
GPX3	GPx-P|GSHPx-3|GSHPx-P
GRIN2A	EPND|FESD|GluN2A|LKS|NMDAR2A|NR2A
GSK3B	-
GSN	ADF|AGEL
GSTP1	DFN7|FAEES3|GST3|GSTP|HEL-S-22|PI
GSTT1	-
BRF1	BRF|BRF-1|GTF3B|HEL-S-76p|TAF3B2|TAF3C|TAFIII90|TF3B90|TFIIIB90|hBRF
GUCY2C	DIAR6|GUC2C|MECIL|MUCIL|STAR
H2AFX	H2A.X|H2A/X|H2AX
HDAC1	GON-10|HD1|RPD3|RPD3L1
HIC1	ZBTB29|ZNF901|hic-1
HIF1A	HIF-1A|HIF-1alpha|HIF1|HIF1-ALPHA|MOP1|PASD8|bHLHe78
HINT1	HINT|NMAN|PKCI-1|PRKCNH1
HIVEP1	CIRIP|CRYBP1|GAAP|MBP-1|PRDII-BF1|Schnurri-1|ZAS1|ZNF40|ZNF40A
ZBTB48	HKR3|ZNF855|pp9964
NR4A1	GFRP1|HMR|N10|NAK-1|NGFIB|NP10|NUR77|TR3
FOXA1	HNF3A|TCF3A
FOXA2	HNF3B|TCF3B
HNF4A	FRTS4|HNF4|HNF4a7|HNF4a8|HNF4a9|HNF4alpha|MODY|MODY1|NR2A1|NR2A21|TCF|TCF14
ONECUT1	HNF-6|HNF6|HNF6A
HPGD	15-PGDH|PGDH|PGDH1|PHOAR1|SDR36C1
HRG	HPRG|HRGP|THPH11
HSPD1	CPN60|GROEL|HLD4|HSP-60|HSP60|HSP65|HuCHA60|SPG13
DNAJB1	HSPF1|Hdj1|Hsp40|RSPH16B|Sis1
IRF8	H-ICSBP|ICSBP|ICSBP1|IMD32A|IMD32B|IRF-8
ID4	IDB4|bHLHb27
IDH1	HEL-216|HEL-S-26|IDCD|IDH|IDP|IDPC|PICD
IFI16	IFNGIP1|PYHIN2
IGF1	IGF-I|IGF1A|IGFI
IGF2R	CD222|CIMPR|M6P-R|MPR1|MPRI
IGFALS	ACLSD|ALS
IGFBP3	BP-53|IBP3
IGFBP4	BP-4|HT29-IGFBP|IBP4|IGFBP-4
IGFBP5	IBP5
IGFBP7	AGM|FSTL2|IBP-7|IGFBP-7|IGFBP-7v|IGFBPRP1|MAC25|PSF|RAMSVPS|TAF
CXCR2	CD182|CDw128b|CMKAR2|IL8R2|IL8RA|IL8RB
IL17A	CTLA8|IL-17|IL-17A|IL17
ILK	HEL-S-28|ILK-1|ILK-2|P59|p59ILK
ING1	p24ING1c|p33|p33ING1|p33ING1b|p47|p47ING1a
ING2	ING1L|p33ING2
CXCL10	C7|IFI10|INP10|IP-10|SCYB10|crg-2|gIP-10|mob-1
PDX1	GSF|IDX-1|IPF1|IUF1|MODY4|PAGEN1|PDX-1|STF-1
IRF1	IRF-1|MAR
IRF3	-
IRF4	LSIRF|MUM1|NF-EM5|SHEP8
IRF5	SLEB10
ITGA5	CD49e|FNRA|VLA5A
ITGA7	-
ITGAV	CD51|MSK8|VNRA|VTNR
ITGB1	CD29|FNRB|GPIIA|MDF2|MSK12|VLA-BETA|VLAB
ITGB3	BDPLT16|BDPLT2|CD61|GP3A|GPIIIa|GT
JUP	ARVD12|CTNNG|DP3|DPIII|PDGB|PKGB
CD82	4F9|C33|GR15|IA4|KAI1|R2|SAR2|ST6|TSPAN27
KISS1	HH13|KiSS-1
KRT19	CK19|K19|K1CS
LGALS7	GAL7|LGALS7A
LIFR	CD118|LIF-R|SJS2|STWS|SWS
LLGL1	DLG4|HUGL|HUGL-1|HUGL1|LLGL
VWA5A	BCSC-1|BCSC1|LOH11CR2A
LOX	-
LRMP	JAW1
LSAMP	IGLON3|LAMP
LTF	GIG12|HEL110|HLF2|LF
MARCKS	80K-L|MACS|PKCSL|PRKCSL
SMAD2	JV18|JV18-1|MADH2|MADR2|hMAD-2|hSMAD2
SMAD4	DPC4|JIP|MADH4|MYHRS
MAL	-
MAT2A	MATA2|MATII|SAMS2
MAX	bHLHd4
MCC	MCC1
MAP3K4	MAPKKK4|MEKK 4|MEKK4|MTK1|PRO0412
MEN1	MEAI|SCG2
MLH1	COCA2|FCC2|HNPCC|HNPCC2|hMLH1
FOXO4	AFX|AFX1|MLLT7
MME	CALLA|CD10|NEP|SFE
MNT	MAD6|MXD6|ROX|bHLHd3
MSH2	COCA1|FCC1|HNPCC|HNPCC1|LCFS2
MSMB	HPC13|IGBF|MSP|MSPB|PN44|PRPS|PSP|PSP-94|PSP57|PSP94
MST1	D3F15S2|DNF15S2|HGFL|MSP|NF15S2
MST1R	CD136|CDw136|PTK8|RON
MT1F	MT1
MT1G	MT1|MT1K
MT1M	MT-1M|MT-IM|MT1|MT1K
MT2A	MT2
MTAP	BDMF|DMSFH|DMSMFH|HEL-249|LGMBF|MSAP|c86fus
MXI1	MAD2|MXD2|MXI|bHLHc11
GADD45B	GADD45BETA|MYD118
MYH9	BDPLT6|DFNA17|EPSTS|FTNS|MHA|NMHC-II-A|NMMHC-IIA|NMMHCA
MYO1A	BBMI|DFNA48|MIHC|MYHL
NBN	AT-V1|AT-V2|ATV|NBS|NBS1|P95
NDN	HsT16328|PWCR
NEDD4	NEDD4-1|RPF1
NF1	NFNS|VRNF|WSS
NF2	ACN|BANF|SCH
NFATC2	NFAT1|NFATP
NFKB1	EBP-1|KBF1|NF-kB1|NF-kappa-B|NF-kappaB|NFKB-p105|NFKB-p50|NFkappaB|p105|p50
NGFR	CD271|Gp80-LNGFR|TNFRSF16|p75(NTR)|p75NTR
NINJ1	NIN1|NINJURIN
NKX3-1	BAPX2|NKX3|NKX3.1|NKX3A
NNAT	Peg5
NME1	AWD|GAAD|NB|NBS|NDKA|NDPK-A|NDPKA|NM23|NM23-H1
CNOT3	LENG2|NOT3|NOT3H
NOTCH1	AOS5|AOVD1|TAN1|hN1
NOTCH2	AGS2|HJCYS|hN2
NOTCH3	CADASIL|CASIL|IMF2
NOV	CCN3|IBP-9|IGFBP-9|IGFBP9|NOVh
NPAS2	MOP4|PASD4|bHLHe9
NPM1	B23|NPM
NRCAM	-
NRF1	ALPHA-PAL
NTRK3	TRKC|gp145(trkC)
ROR2	BDB|BDB1|NTRKR2
DDR2	MIG20a|NTRKR3|TKT|TYRO10
NUP98	ADIR2|NUP196|NUP96
OPCML	IGLON1|OBCAM|OPCM
PEBP1	HCNP|HCNPpp|HEL-210|HEL-S-34|PBP|PEBP|PEBP-1|RKIP
PAEP	GD|GdA|GdF|GdS|PAEG|PEP|PP14
PAFAH1B1	LIS1|LIS2|MDCR|MDS|PAFAH
PARK2	AR-JP|LPRS2|PDJ|PRKN
PAWR	PAR4|Par-4
PAX4	KPD|MODY9
PAX5	ALL3|BSAP
PAX6	AN|AN2|D11S812E|FVH1|MGDA|WAGR
PCDHGC3	PC43|PCDH-GAMMA-C3|PCDH2
PCDH8	ARCADLIN|PAPC
PCDH9	-
PDGFRL	PDGRL|PRLTS
PEG3	PW1|ZKSCAN22|ZNF904|ZSCAN24
PF4	CXCL4|PF-4|SCYB4
PFN1	ALS18
PGR	NR3C3|PR
PHB	HEL-215|HEL-S-54e|PHB1
SERPINB5	PI5|maspin
SERPINI2	MEPI|PANCPIN|PI14|TSA2004
PIN1	DOD|UBL5
PKD1	PBP|Pc-1|TRPP1
PKNOX1	PREP1|pkonx1c
PLA2G2A	MOM1|PLA2|PLA2B|PLA2L|PLA2S|PLAS1|sPLA2
PLAGL1	LOT1|ZAC|ZAC1
PLCB3	-
PLCD1	NDNC3|PLC-III
PLD1	-
PLK1	PLK|STPK13
PML	MYL|PP8675|RNF71|TRIM19
PNN	DRS|DRSP|SDK3|memA
4-Sep	ARTS|BRADEION|CE5B3|H5|MART|PNUTL2|SEP4|hCDCREL-2
PPARA	NR1C1|PPAR|PPARalpha|hPPAR
PPARG	CIMT1|GLM1|NR1C3|PPARG1|PPARG2|PPARgamma
PPM1A	PP2C-ALPHA|PP2CA|PP2Calpha
PPP1CA	PP-1A|PP1A|PP1alpha|PPP1A
PPP2CA	PP2Ac|PP2CA|PP2Calpha|RP-C
PPP2CB	PP2Abeta|PP2CB
PPP2R1B	PP2A-Abeta|PR65B
PPP2R2C	B55-GAMMA|IMYPNO|IMYPNO1|PR52|PR55G
PPP2R4	PP2A|PR53|PTPA
PPP2R5C	B56G|PR61G
PPP3CC	CALNA3|CNA3|PP2Bgamma
PRKAA1	AMPK|AMPKa1
PRKAA2	AMPK|AMPK2|AMPKa2|PRKAA
PRKAR1A	ACRDYS1|ADOHR|CAR|CNC|CNC1|PKR1|PPNAD1|PRKAR1|TSE1
PRKCB	PKC-beta|PKCB|PRKCB1|PRKCB2
PRKCD	ALPS3|CVID9|MAY1|PKCD|nPKC-delta
PRKCE	PKCE|nPKC-epsilon
MAPK9	JNK-55|JNK2|JNK2A|JNK2ALPHA|JNK2B|JNK2BETA|PRKM9|SAPK|SAPK1a|p54a|p54aSAPK
MAPK10	JNK3|JNK3A|PRKM10|SAPK1b|p493F12|p54bSAPK
PRODH	HSPOX2|PIG6|POX|PRODH1|PRODH2|TP53I6
PROX1	-
KLK6	Bssp|Klk7|PRSS18|PRSS9|SP59|hK6
HTRA1	ARMD7|CARASIL|HtrA|L56|ORF480|PRSS11
KLK10	NES1|PRSSL1
PTCH1	BCNS|HPE7|NBCCS|PTC|PTC1|PTCH|PTCH11
PTEN	10q23del|BZS|CWS1|DEC|GLM2|MHAM|MMAC1|PTEN1|TEP1
PTGDR	AS1|ASRT1|DP|DP1|PTGDR1
PTPN1	PTP1B
PTPN2	PTN2|PTPT|TC-PTP|TCELLPTP|TCPTP
PTPN6	HCP|HCPH|HPTP1C|PTP-1C|SH-PTP1|SHP-1|SHP-1L|SHP1
PTPN11	BPTP3|CFC|NS1|PTP-1D|PTP2C|SH-PTP2|SH-PTP3|SHP2
PTPN12	PTP-PEST|PTPG1
PTPN13	FAP-1|PNP1|PTP-BAS|PTP-BL|PTP1E|PTPL1|PTPLE|hPTP1E
PTPRC	B220|CD45|CD45R|GP180|L-CA|LCA|LY5|T200
PTPRD	HPTP|HPTPD|HPTPDELTA|PTPD|RPTPDELTA
PTPRJ	CD148|DEP1|HPTPeta|R-PTP-ETA|SCC1
PTPRK	R-PTP-kappa
RAD23B	HHR23B|HR23B|P58
RAD51C	BROVCA3|FANCO|R51H3|RAD51L2
RAP1A	C21KG|G-22K|KREV-1|KREV1|RAP1|SMGP21
RAP1GAP	RAP1GA1|RAP1GAP1|RAP1GAPII|RAPGAP
RARB	HAP|MCOPS12|NR1B2|RRB2
RARRES3	HRASLS4|HRSL4|PLA1/2-3|RIG1|TIG3
RB1	OSRC|PPP1R130|RB|p105-Rb|pRb|pp110
KDM5A	RBBP-2|RBBP2|RBP2
RBBP7	RbAp46
RBBP8	COM1|CTIP|JWDS|RIM|SAE2|SCKL2
RBL1	CP107|PRB1|p107
RBL2	P130|Rb2
RBM4	LARK|RBM4A|ZCCHC21|ZCRB3A
RBP1	CRABP-I|CRBP|CRBP1|CRBPI|RBPC
RNASEL	PRCA1|RNS4
RNH1	RAI|RNH
ROBO1	DUTT1|SAX3
RPA1	HSSB|MST075|REPA1|RF-A|RP-A|RPA70
RPL5	DBA6|L5|PPP1R135
RPL10	AUTSX5|DXS648|DXS648E|L10|NOV|QM
RPL11	DBA7|GIG34|L11
RPS6KA2	HU-2|MAPKAPK1C|RSK|RSK3|S6K-alpha|S6K-alpha2|p90-RSK3|pp90RSK3
S100A2	CAN19|S100L
S100A11	HEL-S-43|MLN70|S100C
SAA1	PIG4|SAA|SAA2|TP53I4
SAFB	HAP|HET|SAF-B1|SAFB1
SALL2	COLB|HSAL2|Sal-2|ZNF795|p150(Sal2)
CXCL12	IRH|PBSF|SCYB12|SDF1|TLSF|TPAR1
SDHA	CMD1GG|FP|PGL5|SDH1|SDH2|SDHF
SDHB	CWS2|IP|PGL4|SDH|SDH1|SDH2|SDHIP
SDHD	CBT1|CII-4|CWS3|PGL|PGL1|QPs3|SDH4|cybS
SEMA3F	SEMA-IV|SEMA4|SEMAK
MAP2K4	JNKK|JNKK1|MAPKK4|MEK4|MKK4|PRKMK4|SAPKK-1|SAPKK1|SEK1|SERK1|SKK1
SFRP1	FRP|FRP-1|FRP1|FrzA|SARP2
SFRP2	FRP-2|SARP1|SDF-5
SFRP4	FRP-4|FRPHE|sFRP-4
SFRP5	SARP3
SIAH1	SIAH1A
SKIL	SNO|SnoA|SnoI|SnoN
SKP2	FBL1|FBXL1|FLB1|p45
SMARCA2	BAF190|BRM|NCBRS|SNF2|SNF2L2|SNF2LA|SWI2|Sth1p|hBRM|hSNF2a
HLTF	HIP116|HIP116A|HLTF1|RNF80|SMARCA3|SNF2L3|ZBU1
SMARCA4	BAF190|BAF190A|BRG1|MRD16|RTPS2|SNF2|SNF2L4|SNF2LB|SWI2|hSNF2b
SMARCB1	BAF47|INI1|MRD15|PPP1R144|RDT|RTPS1|SNF5|SNF5L1|SWNTS1|Sfh1p|Snr1|hSNFS
SMARCC1	BAF155|CRACC1|Rsc8|SRG3|SWI3
SOD2	IPOB|MNSOD|MVCD6
SOX1	-
SOX11	MRD27
SOX15	SOX20|SOX26|SOX27
SP100	lysp100b
SPARC	ON
SPI1	OF|PU.1|SFPI1|SPI-1|SPI-A
SPTBN1	ELF|HEL102|SPTB2|betaSpII
ST5	DENND2B|HTS1|p126
ST13	AAG2|FAM10A1|FAM10A4|HIP|HOP|HSPABP|HSPABP1|P48|PRO0786|SNC6
STAT1	CANDF7|IMD31A|IMD31B|IMD31C|ISGF-3|STAT91
STAT3	ADMIO|APRF|HIES
STAT5A	MGF|STAT5
STK10	LOK|PRO2729
STK11	LKB1|PJS|hLKB1
SYK	p72-Syk
TAGLN	SM22|SMCC|TAGLN1|WS3-10
TAT	-
TBX5	HOS
TCEB3	EloA|SIII|SIII p110|TCEB3A
TCF4	E2-2|ITF-2|ITF2|PTHS|SEF-2|SEF2|SEF2-1|SEF2-1A|SEF2-1B|SEF2-1D|TCF-4|bHLHb19
TCF3	E2A|E47|ITF1|TCF-3|VDIR|bHLHb21
TCF7L2	TCF-4|TCF4
TDGF1	CR|CRGF|CRIPTO
TFAP2A	AP-2|AP-2alpha|AP2TF|BOFS|TFAP2
TGFB1	CED|DPD1|LAP|TGFB|TGFbeta
LEFTY2	EBAF|LEFTA|LEFTYA|TGFB4
TGFBI	BIGH3|CDB1|CDG2|CDGG1|CSD|CSD1|CSD2|CSD3|EBMD|LCD1
TGFBR2	AAT3|FAA3|LDS1B|LDS2|LDS2B|MFS2|RIIC|TAAD2|TGFR-2|TGFbeta-RII
TGFBR3	BGCAN|betaglycan
TGM3	TGE
THBD	AHUS6|BDCA3|CD141|THPH12|THRM|TM
THBS1	THBS|THBS-1|TSP|TSP-1|TSP1
THRA	AR7|CHNG6|EAR7|ERB-T-1|ERBA|ERBA1|NR1A1|THRA1|THRA2|c-ERBA-1
THRB	C-ERBA-2|C-ERBA-BETA|ERBA2|GRTH|NR1A2|PRTH|THR1|THRB1|THRB2
THY1	CD90
KLF10	EGR-alpha|EGRA|TIEG|TIEG1
TIMP3	HSMRK222|K222|K222TA2|SFD
TNFAIP3	A20|OTUD7C|TNFA1P2
TP53	BCC7|LFS1|P53|TRP53
TP53BP1	53BP1|p202
TP53BP2	53BP2|ASPP2|BBP|P53BP2|PPP1R13A
TP73	P73
NR2C2	TAK1|TR4
HSP90B1	ECGP|GP96|GRP94|HEL-S-125m|HEL35|TRA1
TSC1	LAM|TSC
TSC2	LAM|PPP1R160|TSC4
TSG101	TSG10|VPS23
PHLDA2	BRW1C|BWR1C|HLDA2|IPL|TSSC3
TTC4	-
TTF1	TTF-1|TTF-I
HIRA	DGCR1|TUP1|TUPLE1
UCHL1	HEL-117|NDGOA|PARK5|PGP 9.5|PGP9.5|PGP95|Uch-L1
KDM6A	KABUK2|UTX|bA386N14.2
UVRAG	DHTX|VPS38|p63
VDR	NR1I1|PPP1R163
VEGFA	MVCD1|VEGF|VPF
VHL	HRCA1|RCA1|VHL1|pVHL
VIL1	D2S1471|VIL
VIM	CTRCT30|HEL113
VSNL1	HLP3|HPCAL3|HUVISL1|VILIP|VILIP-1
LAT2	LAB|NTAL|WBSCR15|WBSCR5|WSCR5
WNT5A	hWNT5A
WNT7A	-
WNT11	HWNT11
WT1	AWT1|EWS-WT1|GUD|NPHS4|WAGR|WIT-2|WT33
XRCC5	KARP-1|KARP1|KU80|KUB2|Ku86|NFIV
ZFP36	G0S24|GOS24|NUP475|RNF162A|TIS11|TTP|zfp-36
ZIC1	ZIC|ZNF201
PCGF2	MEL-18|RNF110|ZNF144
ZBTB16	PLZF|ZNF145
ZNF185	-
ZYX	ESP-2|HED-2
PRDM2	HUMHOXY1|KMT8|MTB-ZF|RIZ|RIZ1|RIZ2
BTG2	PC3|TIS21
SEMA3B	LUCA-1|SEMA5|SEMAA|SemA|semaV
RAB7A	PRO2706|RAB7
PLA2G7	LDL-PLA2|LP-PLA2|PAFAD|PAFAH
AIMP2	JTV-1|JTV1|P38
TFPI2	PP5|REF1|TFPI-2
ST7	ETS7q|FAM4A|FAM4A1|HELG|RAY1|SEN4|TSG7
NR4A3	CHN|CSMF|MINOR|NOR1|TEC
NCOA4	ARA70|ELE1|PTC3|RFG
CUL5	VACM-1|VACM1
CDK2AP1	DOC1|DORC1|ST19|doc-1|p12DOC-1
IFT88	D13S1056E|DAF19|TG737|TTC10|hTg737
ANP32A	C15orf1|HPPCn|I1PP2A|LANP|MAPM|PHAP1|PHAPI|PP32
MIA	CD-RAP
ARID1A	B120|BAF250|BAF250a|BM029|C1orf4|ELD|MRD14|OSA1|P270|SMARCF1|hELD|hOSA1
AXIN1	AXIN|PPP1R49
AXIN2	AXIL|ODCRCS
BAP1	HUCEP-13|UCHL2
MAD1L1	MAD1|PIG9|TP53I9|TXBP181
SPARCL1	MAST 9|MAST9|PIG33|SC1
SPOP	BTBD32|TEF2
SRPX	DRS|ETX1|HEL-S-83p|SRPX1
NR0B2	SHP|SHP1
RECK	ST15
RASAL1	RASAL
CUL2	-
CUL1	-
PIAS1	DDXBP1|GBP|GU/RH-II|ZMIZ3
MADD	DENN|IG20|RAB3GEP
PDLIM4	RIL
TMEFF1	C9orf2|CT120.1|H7365|TR-1
TP63	AIS|B(p51A)|B(p51B)|EEC3|KET|LMS|NBP|OFC8|RHS|SHFM4|TP53CP|TP53L|TP73L|p40|p51|p53CP|p63|p73H|p73L
UNC5C	UNC5H3
RNASET2	RNASE6PL|bA514O12.3
PTCH2	PTC2
NUMB	C14orf41|S171|c14_5527
SOCS1	CIS1|CISH1|JAB|SOCS-1|SSI-1|SSI1|TIP3
EIF3F	EIF3S5|eIF3-p47
BECN1	ATG6|VPS30|beclin1
PEA15	HMAT1|HUMMAT1H|MAT1|MAT1H|PEA-15|PED
TNK1	-
EED	HEED|WAIT1
TNFSF12	APO3L|DR3LG|TWEAK
TNFSF9	4-1BB-L|CD137L
FADD	MORT1
TNFRSF18	AITR|CD357|GITR|GITR-D
DLK1	DLK|DLK-1|Delta1|FA1|PREF1|Pref-1|ZOG|pG2
TNFRSF10B	CD262|DR5|KILLER|KILLER/DR5|TRAIL-R2|TRAILR2|TRICK2|TRICK2A|TRICK2B|TRICKB|ZTNFR9
TNFRSF10A	APO2|CD261|DR4|TRAILR-1|TRAILR1
TRIM24	PTC6|RNF82|TF1A|TIF1|TIF1A|TIF1ALPHA|hTIF1
INPP4B	-
WISP3	CCN6|LIBC|PPAC|PPD
HDAC3	HD3|RPD3|RPD3-2
TSC22D1	Ptg-2|TGFB1I4|TSC22
ALDH1A2	RALDH(II)|RALDH2|RALDH2-T
NR1I2	BXR|ONR1|PAR|PAR1|PAR2|PARq|PRR|PXR|SAR|SXR
PER2	FASPS|FASPS1
IER3	DIF-2|DIF2|GLY96|IEX-1|IEX-1L|IEX1|PRG1
BCL10	CARMEN|CIPER|CLAP|IMD37|c-E10|mE10
MBD4	MED1
SELENBP1	HEL-S-134P|LPSB|SBP56|SP56|hSBP
LIMD1	-
SOCS3	ATOD4|CIS3|Cish3|SOCS-3|SSI-3|SSI3
RNF8	hRNF8
DOK2	p56DOK|p56dok-2
AIP	ARA9|FKBP16|FKBP37|SMTPHN|XAP-2|XAP2
GPRC5A	GPCR5A|PEIG-1|RAI3|RAIG1|TIG1
CLDN1	CLD1|ILVASC|SEMP1
DIRAS3	ARHI|NOEY2
DNAJA3	HCA57|TID1|hTID-1
LATS1	WARTS|wts
PDCD5	TFAR19
NEURL1	NEUR1|NEURL|RNF67|bA416N2.1|neu|neu-1
AIMP1	EMAP2|EMAPII|HLD3|SCYE1|p43
KLF4	EZF|GKLF
COPS2	ALIEN|CSN2|SGN2|TRIP15
SLIT2	SLIL3|Slit-2
KL	-
SLC9A3R1	EBP50|NHERF|NHERF-1|NHERF1|NPHLOP2
ARHGAP29	PARG1
ABCG2	ABC15|ABCP|BCRP|BCRP1|BMDP|CD338|CDw338|EST157481|GOUT1|MRX|MXR|MXR1|UAQTL1
AIM2	PYHIN4
HOMER2	ACPD|CPD|HOMER-2|VESL-2
RASAL2	NGAP
CHST10	HNK-1ST|HNK1ST
LITAF	PIG7|SIMPLE|TP53I7
EEF1E1	AIMP3|P18
EI24	EPG4|PIG8|TP53I8
CXCL14	BMAC|BRAK|KEC|KS1|MIP-2g|MIP2G|NJAC|SCYB14
AKAP12	AKAP250|SSeCKS
ISG15	G1P2|IFI15|IMD38|IP17|UCRP|hUCRP
MDC1	NFBD1
SAFB2	-
RASSF2	CENP-34|RASFADIN
RNF144A	RNF144|UBCE7IP4
MTSS1	MIM|MIMA|MIMB
RB1CC1	ATG17|CC1|FIP200|PPP1R131
NUAK1	ARK5
SRGAP3	ARHGAP14|MEGAP|SRGAP2|WRP
DCLRE1A	PSO2|SNM1|SNM1A
DLEC1	CFAP81|DLC1|F56
DMTF1	DMP1|DMTF|MRUL|hDMP1
TANK	I-TRAF|ITRAF|TRAF2
BCL2L11	BAM|BIM|BOD
SH2B3	IDDM20|LNK
RANBP9	BPM-L|BPM90|RANBPM|RanBP7
TSPAN32	ART1|PHEMX|PHMX|TSSC6
TSSC4	-
ABI2	ABI-2|ABI2B|AIP-1|AblBP3|SSH3BP2|argBP1|argBPIA|argBPIB
PLXNC1	CD232|PLXN-C1|VESPR
RBM6	3G2|DEF-3|DEF3|HLC-11|NY-LU-12|g16
RBM5	G15|LUCA15|RMB5
TRIM13	CAR|DLEU5|LEU5|RFP2|RNF77
TOPORS	LUN|P53BP3|RP31|TP53BPL
CTDSPL	C3orf8|HYA22|PSR1|RBSP3|SCP3
SPRY2	hSPRY2
STUB1	CHIP|HSPABP2|NY-CO-7|SCAR16|SDCCAG7|UBOX1
UBE4B	E4|HDNB1|UBOX3|UFD2|UFD2A
IKZF1	Hs.54452|IK1|IKAROS|LYF1|LyF-1|PPP1R92|PRO0758|ZNFN1A1
MRVI1	IRAG|JAW1L
CITED2	ASD8|MRG-1|MRG1|P35SRJ|VSD2
DLC1	ARHGAP7|HP|STARD12|p122-RhoGAP
NDRG1	CAP43|CMT4D|DRG-1|DRG1|GC4|HMSNL|NDR1|NMSL|PROXY1|RIT42|RTP|TARG1|TDD5
GNB2L1	Gnb2-rs1|H12.3|HLC-7|PIG21|RACK1
BASP1	CAP-23|CAP23|NAP-22|NAP22
YAP1	COB1|YAP|YAP2|YAP65|YKI
PGRMC2	DG6|PMBP
RBM14	COAA|PSP2|SIP|SYTIP1|TMEM137
ZBTB18	C2H2-171|MRD22|RP58|TAZ-1|ZNF238
HOXB13	PSGD
MYBBP1A	P160|PAP2
KAT5	ESA1|HTATIP|HTATIP1|PLIP|TIP|TIP60|ZC2HC5|cPLA2
ARL6IP5	DERP11|GTRAP3-18|JWA|PRAF3|addicsin|hp22|jmx
HTATIP2	CC3|SDR44U1|TIP30
OLFM4	GC1|GW112|OLM4|OlfD|UNQ362|bA209J19.1|hGC-1|hOLfD
TRIM3	BERP|HAC1|RNF22|RNF97
TXNIP	EST01027|HHCPA78|THIF|VDUP1
RASL10A	RRP22
LEFTY1	LEFTB|LEFTYB
NPRL2	NPR2|NPR2L|TUSC4
SPINT2	DIAR3|HAI-2|HAI2|Kop|PB
CTCF	MRD21
AHCYL1	DCAL|IRBIT|PPP1R78|PRO0233|XPVKONA
PLK2	SNK|hPlk2|hSNK
ZMYND11	BRAM1|BS69|MRD30
IQGAP2	-
FRS3	FRS2-beta|FRS2B|FRS2beta|SNT-2|SNT2
BLCAP	BC10
GADD45G	CR6|DDIT2|GADD45gamma|GRP17
BTG3	ANA|TOB5|TOB55|TOFA
IL24	C49A|FISP|IL10B|MDA7|MOB5|ST16
GLIPR1	CRISP7|GLIPR|RTVP1
CYB561D2	101F6|TSP10|XXcos-LUCA11.4
TRIM31	C6orf13|HCG1|HCGI|RNF
DNAJB4	DNAJW|DjB4|HLJ1
DIDO1	BYE1|C20orf158|DATF-1|DATF1|DIDO2|DIDO3|DIO-1|DIO1|dJ885L7.8
ADAMTS8	ADAM-TS8|METH2
PRDM5	BCS2|PFM2
PRDM4	PFM1
PTPRT	RPTPrho
PLA2G16	AdPLA|H-REV107-1|HRASLS3|HREV107|HREV107-1|HREV107-3|HRSL3
LZTS1	F37|FEZ1
MAP4K1	HPK1
RASSF1	123F2|NORE2A|RASSF1A|RDA32|REH3P21
WIF1	WIF-1
CHEK2	CDS1|CHK2|HuCds1|LFS2|PP1425|RAD53|hCds1
TREX2	-
RASSF8	C12orf2|HOJ1
POU6F2	RPF-1|WT5|WTSL
PARK7	DJ-1|DJ1|HEL-S-67p
TUSC2	C3orf11|FUS1|PAP|PDAP2
GABARAP	ATG8A|GABARAP-a|MM46
IKZF3	AIO|AIOLOS|ZNFN1A3
IKZF2	ANF1A2|HELIOS|ZNF1A2|ZNFN1A2
ZHX2	AFR1|RAF
PLA2R1	CLEC13C|PLA2-R|PLA2G1R|PLA2IR|PLA2R
SIRT2	SIR2|SIR2L|SIR2L2
DKK1	DKK-1|SK
TRIM32	BBS11|HT2A|LGMD2H|TATIP
USP33	VDU1
PHLPP2	PHLPPL
ZNF292	Nbla00365|ZFP292|ZN-16|Zn-15|bA393I2.3
PDS5B	APRIN|AS3|CG008
TRIM35	HLS5|MAIR
KIF1B	CMT2|CMT2A|CMT2A1|HMSNII|KLP|NBLST1
EPB41L3	4.1B|DAL-1|DAL1
CIC	-
KANK1	ANKRD15|CPSQ2|KANK
GANAB	G2AN|GLUII
RHOBTB2	DBC2
PHLPP1	PHLPP|PLEKHE1|SCOP
CAMTA1	CANPMR
ATMIN	ASCIZ|ZNF822
NEDD4L	NEDD4-2|NEDD4.2|RSP5|hNEDD4-2
SASH1	SH3D6A|dJ323M4|dJ323M4.1
SYNM	DMN|SYN
SMCHD1	-
ARHGEF12	LARG|PRO2792
UFL1	KIAA0776|Maxer|NLBP|RCAD
DICER1	DCR1|Dicer|Dicer1e|HERNA|K12H4.8-LIKE|MNG1|RMSE2
SIRT4	SIR2L4
SIRT3	SIR2L3
SIRT1	SIR2L1
CBX5	HEL25|HP1|HP1A
SUZ12	CHET9|JJAZ1
SCRIB	CRIB1|SCRB1|SCRIB1|Vartul
SEC14L2	C22orf6|SPF|TAP|TAP1
GTPBP4	CRFG|NGB|NOG1
CCNDBP1	DIP1|GCIP|HHM
DDX58	RIG-I|RIGI|RLR-1
DAPK2	DRP-1|DRP1
PHLDA3	TIH1
SSBP2	HSPC116|SOSS-B2
TMEFF2	CT120.2|HPP1|TENB2|TPEF|TR
CADM1	BL2|IGSF4|IGSF4A|NECL2|Necl-2|RA175|ST17|SYNCAM|TSLC1|sTSLC-1|sgIGSF|synCAM1
CIZ1	LSFR1|NP94|ZNF356
POU2F3	Epoc-1|OCT-11|OCT11|OTF-11|PLA-1|PLA1|Skn-1a
BRMS1	-
RCHY1	ARNIP|CHIMP|PIRH2|PRO1996|RNF199|ZCHY|ZNF363
PTPN23	HD-PTP|HDPTP|PTP-TD14
LRIG1	LIG-1|LIG1
CHD5	CHD-5
CNTNAP2	AUTS15|CASPR2|CDFE|NRXN4|PTHSL1
TES	TESS|TESS-2
NKX2-8	NKX2.8|NKX2H|Nkx2-9
FBXO25	FBX25
EHF	ESE3|ESE3B|ESEJ
LHX6	LHX6.1
NUPR1	COM1|P8
INTS6	DBI-1|DDX26|DDX26A|DICE1|HDB|INT6|Notchl2
LATS2	KPM
GREM1	C15DUPq|CKTSF1B1|CRAC1|CRCS4|DAND2|DRM|DUP15q|GREMLIN|HMPS|HMPS1|IHG-2|MPSH
TBL2	WBSCR13|WS-betaTRP
HBP1	-
FOXD3	AIS1|Genesis|HFH2|VAMAS2
MLH3	HNPCC7
TSPAN13	NET-6|NET6|TM4SF13
FOXP1	12CC4|QRF1|hFKH1B
BBC3	JFY-1|JFY1|PUMA
DKK3	REIC|RIG
HSPB7	cvHSP
CPNE7	-
GLS2	GA|GLS|LGA|hLGA
SLC39A1	ZIP1|ZIRTL
GNMT	-
PDCD4	H731
PCDH17	PCDH68|PCH68
BMP10	-
RBMS3	-
RBMX	HNRNPG|HNRPG|RBMXP1|RBMXRT|RNMX|hnRNP-G
RPS6KA6	PP90RSK4|RSK4
HTRA2	OMI|PARK13|PRSS25
HIPK2	PRO0593
SETD2	HBP231|HIF-1|HIP-1|HYPB|KMT3A|SET2|p231HBP
PYCARD	ASC|CARD5|TMS|TMS-1|TMS1
BRD7	BP75|CELTIX1|NAG4
CTNNA3	ARVD13|VR22
BLNK	AGM4|BASH|BLNK-S|LY57|SLP-65|SLP65|bca
UBIAD1	SCCD|TERE1
OSGIN1	BDGI|OKL38
NRBP1	BCON3|MADM|MUDPNP|NRBP
GLTSCR2	PICT-1|PICT1
GLTSCR1	-
EHD3	PAST3
CRNN	C1orf10|DRC1|PDRC1|SEP53
G0S2	-
1-Dec	CTS9
FOXP3	AIID|DIETER|IPEX|PIDX|XPID
SH3GLB1	Bif-1|PPP1R70|dJ612B15.2
ANGPTL4	ANGPTL2|ARP4|FIAF|HARP|HFARP|NL2|PGAR|TGQTL|UNQ171|pp1158
ING4	my036|p29ING4
PLEKHO1	CKIP-1|OC120
PLCE1	NPHS3|PLCE|PPLC
ZDHHC2	DHHC2|ZNF372
MZB1	MEDA-7|PACAP|pERp1
PAIP2	PAIP-2|PAIP2A
TNFRSF12A	CD266|FN14|TWEAKR
DACT1	DAPPER|DAPPER1|DPR1|FRODO|HDPR1|THYEX3
FZR1	CDC20C|CDH1|FZR|FZR2|HCDH|HCDH1
ZMYND10	BLU|CILD22|FLU
NOL7	C6orf90|PQBP3|RARG-1|dJ223E5.2
DCDC2	DCDC2A|RU2|RU2S
LIMA1	EPLIN|SREBP3
CXXC5	CF5|RINF|WID
SIRT6	SIR2L6
SUFU	PRO1280|SUFUH|SUFUXL
HECA	HDC|HDCL|HHDC|dJ225E12.1
CYB5R2	B5R.2
UIMC1	RAP80|X2HRIP110
WWOX	D16S432E|FOR|FRA16D|HHCMA56|PRO0128|SCAR12|SDR41C1|WOX1
KDM3B	5qNCA|C5orf7|JMJD1B|NET22
LRP1B	LRP-DIT|LRPDIT
ERRFI1	GENE-33|MIG-6|MIG6|RALT
ING3	Eaf4|ING2|MEAF4|p47ING3
EGLN1	C1orf12|ECYT3|HIF-PH2|HIFPH2|HPH-2|HPH2|PHD2|SM20|ZMYND6
XAF1	BIRC4BP|HSXIAPAF1|XIAPAF1
IL17RD	HH18|IL-17RD|IL17RLM|SEF
BTG4	PC3B
RNF111	ARK
TET2	KIAA1546|MDS
TRIT1	IPT|MOD5
ESRP1	RBM35A|RMB35A
WHSC1L1	NSD3|pp14328
BANP	BEND1|SMAR1|SMARBP1
HRASLS2	PLA1/2-2
PINX1	LPTL|LPTS
PIWIL2	CT80|HILI|PIWIL1L|mili
SHQ1	Shq1p
PBRM1	BAF180|PB1
TRIM62	DEAR1
MOB1A	C2orf6|MATS1|MOB1|MOBK1B|MOBKL1B|Mob4B
CASC1	LAS1|PPP1R54
VPS53	HCCS1|PCH2E|hVps53L|pp13624
FBXW7	AGO|CDC4|FBW6|FBW7|FBX30|FBXO30|FBXW6|SEL-10|SEL10|hAgo|hCdc4
CAMK2N1	PRO1489
RBM38	HSRNASEB|RNPC1|SEB4B|SEB4D|dJ800J21.2
VEZT	VEZATIN
PRR5	FLJ20185k|PP610|PROTOR-1|PROTOR1
SLC39A4	AEZ|AWMS2|ZIP4
TMEM127	-
WDR11	BRWD2|DR11|HH14|WDR15
DNAJC11	dJ126A5.1
CHFR	RNF116|RNF196
CNDP2	CN2|CPGL|HEL-S-13|HsT2298|PEPA
CCAR1	-
CACNA2D3	HSA272268
KDM3A	JHDM2A|JHMD2A|JMJD1|JMJD1A|TSGA
EAF2	BM040|TRAITS|U19
THSD1	TMTSP|UNQ3010
AJAP1	MOT8|SHREW-1|SHREW1
GKN1	AMP18|BRICD1|CA11|FOV|foveolin
RPRM	REPRIMO
DIABLO	DFNA64|SMAC
PANX2	PX2|hPANX2
TCEAL7	MPMGp800C04260Q003|WEX5
LXN	ECI|TCI
DUSP22	JKAP|JSP-1|JSP1|LMW-DSP2|LMWDSP2|MKP-x|MKPX|VHX
NIT2	HEL-S-8a
PRDM11	PFM8
CTNNBIP1	ICAT
ADAMTS9	-
PDSS2	C6orf210|COQ10D3|DLP1|bA59I9.3|hDLP1
RAB25	CATX-8|RAB11C
RTN4	ASY|NI220/250|NOGO|NOGO-A|NOGOC|NSP|NSP-CL|Nbla00271|Nbla10545|Nogo-B|Nogo-C|RTN-X|RTN4-A|RTN4-B1|RTN4-B2|RTN4-C
SALL4	DRRS|HSAL4|ZNF797|dJ1112F19.1
SCYL1	GKLP|NKTL|NTKL|P105|TAPK|TEIF|TRAP
NDRG2	SYLD
AHRR	AHH|AHHR|bHLHe77
MTUS1	ATBP|ATIP|ICIS|MP44|MTSG1
XPO5	exp5
HACE1	-
PCDH10	OL-PCDH|PCDH19
SYT13	-
WDR48	P80|SPG60|UAF1
ZBTB4	KAISO-L1|ZNF903
NCOA5	CIA|bA465L10.6
SCUBE2	CEGB1|CEGF1|CEGP1
CCAR2	DBC-1|DBC1|KIAA1967|NET35|p30 DBC|p30DBC
CADM3	BIgR|IGSF4B|NECL1|Necl-1|TSLL1|synCAM3
WFDC1	PS20
KMT2C	HALR|MLL3
HIVEP3	KBP-1|KBP1|KRC|SHN3|Schnurri-3|ZAS3|ZNF40C
EDA2R	EDA-A2R|EDAA2R|TNFRSF27|XEDAR
RINT1	RINT-1
BCORL1	BCoR-L1|CXorf10
LRRC4	NGL-2
RFWD2	COP1|RNF200
CSMD1	PPP1R24
NDST4	NDST-4|NHSST4
CSRNP1	AXUD1|CSRNP-1|FAM130B|TAIP-3|URAX1
ANAPC1	APC1|MCPR|TSG24
CCDC136	-
CDCP1	CD318|SIMA135|TRASK
NDRG4	BDM1|SMAP-8|SMAP8
WNK2	NY-CO-43|P/OKcl.13|PRKWNK2|SDCCAG43
PHACTR4	PPP1R124
DUSP26	DUSP24|LDP-4|MKP8|NATA1|SKRP3
AHNAK	AHNAKRS
IRX1	IRX-5|IRXA1
BHLHE41	BHLHB3|DEC2|SHARP1|hDEC2
CDC73	C1orf28|FIHP|HPTJT|HRPT1|HRPT2|HYX
TNFAIP8L2	TIPE2
FAT4	CDHF14|CDHR11|FAT-J|FATJ|HKLLS2|NBLA00548|VMLDS2
MCPH1	BRIT1|MCT
PALB2	FANCN|PNCA3
ZNF668	-
FBXO31	FBX14|FBXO14|Fbx31|MRT45|pp2386
ARMC5	AIMAH2
KDM8	JMJD5
GGNBP2	DIF-3|DIF3|LCRG1|LZK1|ZFP403|ZNF403
DOK3	DOKL
DENND2D	-
PHC3	EDR3|HPH3
FAM188A	C10orf97|CARP|DERP5|MST126|my042
NRSN2	C20orf98|dJ1103G7.6
MUS81	SLX3
CXXC4	IDAX
SPRY4	HH17
RASSF5	Maxp1|NORE1|NORE1A|NORE1B|RAPL|RASSF3
SOX7	-
YPEL3	-
MARVELD1	GB14|MARVD1|MRVLDC1|bA548K23.8
ARMC10	PNAS-112|PNAS112|SVH
RASSF4	AD037
FAM172A	C5orf21
PPP1R1B	DARPP-32|DARPP32
TCHP	TpMs
ING5	p28ING5
PHF6	BFLS|BORJ|CENP-31
C2orf40	ECRG4
BRSK1	hSAD1
SLX4	BTBD12|FANCP|MUS312
HOPX	CAMEO|HOD|HOP|LAGY|NECC1|OB1|SMAP31|TOTO
AFAP1L2	KIAA1914|XB130
SPINK7	ECG2|ECRG2
MYO18B	-
BEX2	BEX1|DJ79P11.1
RTN4IP1	NIMP
ZC3H10	ZC3HDC10
MFSD2A	MFSD2|NLS1
TBRG1	NIAM|TB-5
ZNF382	KS1
RITA1	C12orf52|RITA
EAF1	-
TSLP	-
TRIM15	RNF93|ZNF178|ZNFB7
LHX4	CPHD4
UNC5A	UNC5H1
BMF	-
GADD45GIP1	CKBBP2|CKbetaBP2|CRIF1|MRP-L59|PLINP|PLINP-1|PRG6|Plinp1
STARD13	ARHGAP37|DLC2|GT650|LINC00464
CREB3L1	OASIS
L3MBTL4	HsT1031
RASL10B	RRP17|VTS58635
CABLES1	CABL1|CABLES|HsT2563|IK3-1
SCGB3A1	HIN-1|HIN1|LU105|PnSP-2|UGRP2
STRADA	LYK5|NY-BR-96|PMSE|STRAD|Stlk
GORAB	GO|NTKLBP1|SCYL1BP1
MOB1B	MATS2|MOB4A|MOBKL1A
TPTE2	TPIP
HTRA3	Prsp|Tasp
TP53INP1	SIP|TP53DINP1|TP53INP1A|TP53INP1B|Teap|p53DINP1
EGLN3	HIFP4H3|HIFPH3|PHD3
PRKCDBP	CAVIN3|HSRBC|SRBC|cavin-3
CYGB	HGB|STAP
SMYD4	ZMYND21
FBXO32	Fbx32|MAFbx
UHRF2	NIRF|RNF107|URF2
ARL11	ARLTS1
BATF2	SARI
LRRC3B	LRP15
CMTM5	CKLFSF5
MIA2	-
TWIST2	DERMO1|FFDD3|SETLSS|bHLHa39
LRIG3	LIG3
JDP2	JUNDM2
DCUN1D3	44M2.4
CMTM3	BNAS2|CKLFSF3
PLK5	PLK-5|PLK5P|SgK384ps
OSCP1	C1orf102|NOR1
ACVR1C	ACVRLK7|ALK7
UBE2QL1	-
PACRG	GLUP|HAK005771|PARK2CRG
CLDN23	CLDNL|hCG1646163
UNC5D	PRO34692|Unc5h4
AMER1	FAM123B|OSCS|WTX
GATA5	GATAS|bB379O24.1
CTCFL	BORIS|CT27|CTCF-T|HMGB1L1|dJ579F20.2
PRICKLE1	EPM1B|RILP
TOM1L2	-
DIRAS1	Di-Ras1|GBTS1|RIG
PYHIN1	IFIX
SIK1	MSK|SIK|SNF1LK
PPM1L	PP2C-epsilon|PP2CE|PPM1-LIKE
SHISA3	hShisa3
DAB2IP	AF9Q34|AIP-1|AIP1|DIP1/2
CCDC67	-
LMNTD1	IFLTD1|PAS1C1
SLC5A8	AIT|SMCT|SMCT1
TMPRSS6	IRIDA
ZNF366	DCSCRIPT
ADAMTS18	ADAMTS21|KNO2|MMCAT
ASXL1	BOPS|MDS
SYNPO2	-
ARID2	BAF200|p200
CADM4	IGSF4C|NECL4|Necl-4|TSLL2|synCAM4
GKN2	BRICD1B|GDDR|PRO813|TFIZ1|VLTI465
FLCN	BHD|FLCL
ZBTB7C	APM-1|APM1|ZBTB36|ZNF857C
SAMD9L	C7orf6|DRIF2|UEF1
USP12	UBH1|USP12L1
UNC5B	UNC5H2|p53RDL1
HEPACAM	GlialCAM|MLC2A|MLC2B
FBXL13	Fbl13
NAPEPLD	FMP30|NAPE-PLD
CADM2	IGSF4D|NECL3|Necl-3|SynCAM 2|synCAM2
EBF3	COE3|EBF-3|O/E-2|OE-2
MCM9	C6orf61|MCMDC1|dJ329L24.1|dJ329L24.3
BCL6B	BAZF|ZBTB28|ZNF62
SHPRH	bA545I5.2
SGMS1	MOB|MOB1|SMS1|TMEM23|hmob33
RASSF3	RASSF5
KCNRG	DLTET
ZFP82	ZNF545
RNF180	RINES
TUSC1	TSG-9|TSG9
LIN9	BARA|BARPsv|Lin-9|TGS|TGS1|TGS2
HCAR2	GPR109A|HCA2|HM74a|HM74b|NIACR1|PUMAG|Puma-g
TMPRSS11A	ECRG1
IGFBPL1	IGFBP-RP4|IGFBPRP4|bA113O24.1
DND1	RBMS4
KIF7	ACLS|HLS2|JBTS12|UNQ340
APITD1	CENP-S|CENPS|FAAP16|MHF1
RASL11A	-
ST20	HCCS-1
HACD4	PTPLAD2
BLID	BRCC2
RASSF10	-
CCDC154	C16orf29
FOXO6	-
PANO1	PANO
HOTS	-